ID,NAME,COUNTRY_NAME,PHONE_NUMBER,EMAIL,AGE,SEX
1,Addison Rhodes,Mexico,(648) 945-0652,semper@google.couk,76,FEMALE
2,Jordan Fernandez,Nigeria,(546) 314-7454,vulputate@aol.org,67,MALE
3,Rama Vinson,Brazil,(348) 572-2016,enim.diam@aol.ca,21,MALE
4,Lamar Cole,Australia,(813) 757-2680,pulvinar.arcu@hotmail.org,97,FEMALE
5,Seth Green,Sweden,1-324-957-5729,neque@aol.org,51,FEMALE
6,Flavia Howell,Mexico,1-366-267-6798,sed.neque.sed@yahoo.org,18,FEMALE
7,Harding Luna,Turkey,1-890-452-2888,penatibus.et.magnis@yahoo.com,99,MALE
8,Thomas Mccray,Germany,(868) 740-1545,tristique@aol.edu,44,FEMALE
9,Logan Hamilton,Australia,(322) 271-6273,magnis.dis@google.edu,43,FEMALE
10,Claudia Wiley,Nigeria,1-271-562-9592,semper.nam.tempor@outlook.couk,47,FEMALE
11,George Bradford,South Korea,(224) 830-1661,eu.tellus.phasellus@outlook.net,11,FEMALE
12,Otto Torres,South Africa,(289) 872-6164,at.egestas@hotmail.net,89,MALE
13,Asher O'connor,Norway,(478) 355-8734,massa@yahoo.couk,33,MALE
14,Samuel Barrera,Peru,1-332-301-1539,id@icloud.net,16,MALE
15,Jordan Pitts,Austria,(889) 132-2170,sit@outlook.com,67,MALE
16,Kaye Bartlett,Indonesia,(443) 111-2857,mi.lacinia@hotmail.net,70,MALE
17,Kelsie Dunn,Ukraine,1-683-731-5127,metus@hotmail.com,86,FEMALE
18,Genevieve West,New Zealand,(597) 813-4416,nulla.facilisi@google.couk,3,MALE
19,Paula Blair,Ireland,(421) 816-0328,tristique.pharetra@icloud.couk,8,FEMALE
20,Amela Fields,Spain,(636) 324-3756,est@yahoo.org,54,MALE
21,Scarlett Hardin,Norway,(698) 635-8481,dapibus.ligula@google.edu,33,FEMALE
22,Harper Baker,Colombia,1-917-211-5272,metus.sit@yahoo.edu,81,MALE
23,Ignatius Watkins,Spain,(521) 542-1192,curabitur.ut@aol.com,17,MALE
24,Alden Shields,Indonesia,1-437-411-5718,dolor.vitae@icloud.net,14,MALE
25,Eric Aguilar,Chile,1-417-486-3862,tincidunt.nunc@outlook.edu,84,MALE
26,Lucian Ortega,Poland,(688) 124-7836,diam.dictum@outlook.ca,66,FEMALE
27,Sylvester Nelson,Singapore,(377) 480-1713,sed.id@hotmail.couk,91,MALE
28,Channing Ferguson,United Kingdom,1-184-854-5860,sem.magna.nec@yahoo.couk,64,FEMALE
29,Dillon Best,Indonesia,(376) 338-7161,fusce.mollis.duis@google.edu,92,MALE
30,Lara Hopkins,Canada,(311) 863-6532,vehicula@protonmail.net,89,MALE
31,McKenzie Mooney,Singapore,(770) 427-8138,maecenas.libero@icloud.org,54,FEMALE
32,Hamilton Bender,Ireland,(816) 697-7247,nullam.vitae@yahoo.couk,36,FEMALE
33,Moana Dunlap,Poland,(142) 849-6841,orci.phasellus@hotmail.com,94,FEMALE
34,Lani Rojas,France,1-847-429-3372,nonummy.ultricies@google.couk,31,FEMALE
35,Armand Peters,Netherlands,(272) 546-3465,sit@protonmail.edu,11,MALE
36,Danielle Dunn,Nigeria,(371) 348-9476,sit.amet.lorem@yahoo.org,46,MALE
37,Mari Stone,Costa Rica,(671) 822-1828,enim@icloud.couk,94,FEMALE
38,Hilda Sanders,United Kingdom,(374) 295-5022,primis.in@outlook.ca,46,FEMALE
39,Vincent Long,Philippines,(371) 774-6961,aliquam.fringilla@hotmail.couk,23,FEMALE
40,Armand Donaldson,Spain,(980) 245-5918,duis@icloud.net,3,MALE
41,Kitra Cortez,Philippines,1-613-678-6816,mollis.duis@outlook.couk,65,MALE
42,Cain Ayers,Ireland,1-444-297-5334,elementum.purus.accumsan@google.com,42,MALE
43,Quintessa Savage,Vietnam,(376) 884-1366,magna.sed.eu@google.org,26,MALE
44,Susan Justice,Peru,(800) 466-5680,non@google.net,19,MALE
45,Nissim Pena,Colombia,(456) 713-2621,ut.semper@aol.ca,43,MALE
46,Isaac Cochran,Australia,(727) 982-1342,leo.in@outlook.ca,30,MALE
47,Christian Daniels,Ukraine,(747) 747-4478,dolor@outlook.net,15,MALE
48,Davis Baker,Peru,1-662-226-3404,consequat.lectus@hotmail.ca,91,MALE
49,Lilah Le,Austria,1-568-824-4322,nec@outlook.ca,20,FEMALE
50,Garth Whitaker,Pakistan,1-693-971-5157,purus.mauris.a@icloud.com,7,MALE
51,Sawyer Bush,Italy,(641) 418-3555,non.bibendum.sed@protonmail.couk,82,FEMALE
52,Norman Bryan,Spain,1-273-969-3718,nunc.ullamcorper@outlook.ca,80,MALE
53,Ori Brock,Norway,(843) 141-1627,sit@protonmail.org,40,FEMALE
54,Ramona Wolfe,Spain,1-787-336-5816,faucibus.lectus@protonmail.net,65,FEMALE
55,Baker Justice,United States,(378) 265-6422,urna.nullam.lobortis@hotmail.couk,28,MALE
56,Sonia Schroeder,Canada,(234) 211-6229,vitae.posuere@icloud.ca,23,FEMALE
57,Carly Booth,Germany,(782) 141-8222,nulla.dignissim@protonmail.net,41,FEMALE
58,Chanda Carver,China,(664) 363-1150,suspendisse@outlook.com,73,FEMALE
59,Baker Walker,Peru,(278) 948-9235,convallis.dolor@google.couk,48,MALE
60,Idola Trujillo,New Zealand,(330) 168-3310,sed.et.libero@yahoo.edu,5,MALE
61,Rahim Cooper,Philippines,1-418-763-9631,eu@hotmail.ca,31,MALE
62,Ruth Castillo,Norway,(703) 870-7431,consectetuer.cursus@hotmail.edu,19,MALE
63,Alyssa Hess,Italy,1-565-347-4625,eleifend@hotmail.net,54,FEMALE
64,Cynthia Glover,Brazil,1-177-224-0651,enim.commodo.hendrerit@icloud.ca,18,MALE
65,Tara Noel,Turkey,1-344-651-2922,nunc.mauris@aol.ca,93,MALE
66,Winifred Acosta,New Zealand,(777) 834-4195,ut.sem.nulla@aol.net,17,MALE
67,Sage Anderson,Italy,(576) 495-5812,eu.turpis@protonmail.edu,61,FEMALE
68,Ivan Durham,Nigeria,(406) 293-4723,congue.turpis@aol.com,30,FEMALE
69,Austin Morrison,Austria,(833) 464-2543,pede@icloud.edu,22,FEMALE
70,Noble Reilly,Ukraine,(559) 948-2672,vehicula.aliquet@aol.com,11,FEMALE
71,Jack Jensen,United States,1-705-665-0866,integer.vulputate@icloud.net,35,MALE
72,Channing Marks,United Kingdom,(574) 489-3166,sed.facilisis@outlook.couk,10,MALE
73,Jaime Figueroa,South Korea,1-510-702-7833,ipsum@hotmail.net,33,FEMALE
74,Kameko Oliver,France,(204) 982-7886,quam.dignissim@yahoo.edu,18,FEMALE
75,Tate Stevens,Indonesia,1-740-552-8288,pellentesque.a.facilisis@aol.net,77,FEMALE
76,Maite Vance,Canada,(756) 944-3227,semper@yahoo.org,12,FEMALE
77,Audra Davidson,United Kingdom,1-128-120-7472,id.blandit@yahoo.ca,10,MALE
78,Thane Long,Costa Rica,1-416-588-7140,vel@aol.edu,75,MALE
79,Keith Marsh,Singapore,1-731-732-3626,augue.malesuada@aol.couk,65,MALE
80,Hop Brady,Mexico,1-722-410-1814,enim.curabitur@outlook.ca,93,FEMALE
81,Charity Hooper,Colombia,1-326-295-9244,torquent.per@protonmail.couk,18,MALE
82,Rajah Blanchard,Belgium,(767) 413-3727,arcu@protonmail.net,34,FEMALE
83,Marshall Sheppard,Brazil,1-712-891-5761,nec.tellus.nunc@google.ca,32,MALE
84,Madeson Monroe,Sweden,(646) 744-3515,ante.ipsum@google.com,64,MALE
85,Talon Craft,Germany,(246) 842-0446,luctus@icloud.net,2,FEMALE
86,Seth Stephenson,Indonesia,(323) 311-5328,eros.turpis.non@aol.ca,19,MALE
87,Ulla Duke,Indonesia,(796) 722-8608,praesent@hotmail.org,22,MALE
88,Britanney Estes,Ireland,1-430-282-6155,aliquam.iaculis@icloud.net,22,FEMALE
89,Kim Cochran,South Korea,1-711-458-7587,ipsum.ac.mi@protonmail.org,12,MALE
90,Bradley Buchanan,Australia,1-562-614-6599,elementum.dui.quis@icloud.com,13,MALE
91,Remedios Gomez,Pakistan,(328) 827-9949,sodales@outlook.org,36,MALE
92,Colt Underwood,Brazil,1-875-836-3742,semper.dui.lectus@yahoo.net,90,MALE
93,Haley Wilson,Australia,1-843-558-1891,vel.nisl@aol.org,49,MALE
94,Hollee Woodward,United Kingdom,(779) 775-8549,porttitor.tellus@aol.couk,44,MALE
95,Ciara Duncan,United States,1-465-455-4321,faucibus.lectus@icloud.com,93,MALE
96,Trevor Small,Germany,(248) 646-4110,nibh@icloud.net,5,FEMALE
97,Shana Key,Canada,1-788-241-3171,commodo@google.org,12,MALE
98,Karina Mathews,Norway,1-746-601-1383,a.feugiat@icloud.net,94,MALE
99,Trevor Miller,Canada,1-242-265-8661,vel@protonmail.edu,37,FEMALE
100,John Lewis,New Zealand,(762) 547-3450,vel.est.tempor@hotmail.org,80,FEMALE
