ID,NAME,LASTNAME,GENDER,AGE,SALARY,CREW_ID
1,Janenna,Clarissa,Male,15,66245,16
2,Dede,Dex,Female,15,185321,48
3,Dennie,Reinke,Female,44,165431,95
4,Kittie,Edvard,Female,37,90772,94
5,Jeanna,Durware,Female,33,191620,20
6,Raf,Honoria,Male,2,71404,7
7,Nickie,Nisbet,Male,41,86980,98
8,Tori,Fredi,Male,18,77491,87
9,Nadine,Sperling,Male,42,139602,79
10,Aigneis,Vins,Male,37,169839,84
11,Perry,Richers,Female,40,115694,21
12,Gilda,Harday,Male,1,95471,32
13,Nicoli,Rosemary,Male,43,179418,42
14,Averyl,Nore,Female,23,162859,80
15,Tani,Emerson,Female,22,85103,29
16,Lucy,Garlinda,Female,33,79651,46
17,Kelly,Daveta,Male,43,174950,33
18,Barbi,Waite,Male,34,180290,53
19,Ileana,Gordon,Male,8,69308,51
20,Alyssa,Pattin,Female,30,140551,68
21,Lolita,Marisa,Male,2,62123,90
22,Althea,Haymes,Male,23,136699,13
23,Merrie,Harned,Male,19,123161,39
24,Orelia,Randene,Male,12,73901,95
25,Suzette,Jerald,Male,15,100337,98
26,Myriam,Atonsah,Male,10,130165,41
27,Noelle,Behre,Female,4,116354,33
28,Rhoda,Connelly,Female,8,154529,81
29,Mellicent,Cavan,Female,32,59852,12
30,Fina,Means,Male,28,82997,14
31,Cassandra,Stav,Female,36,108936,45
32,Lusa,Milde,Male,34,64323,20
33,Donnie,Bury,Female,15,160667,96
34,Alameda,Oscar,Male,40,50621,66
35,Aaren,Papageno,Male,17,167571,26
36,Yvonne,Horan,Male,40,174502,69
37,Minne,Dulciana,Male,30,78356,25
38,Gerrie,Buttaro,Female,32,63291,76
39,Talya,Elisha,Female,9,149153,71
40,Donetta,Weide,Male,19,198601,24
41,Arabel,Newell,Female,42,128760,94
42,Bibby,Alejoa,Male,28,73998,23
43,Anthia,Chaing,Female,17,157503,14
44,Dorice,Socha,Male,36,190426,71
45,Margette,Sinegold,Female,36,139949,76
46,Chloris,Alejoa,Male,11,86533,80
47,Edee,Isidore,Male,7,151682,34
48,Madeleine,Wandie,Female,29,135423,20
49,Vanessa,Fiann,Female,30,169666,94
50,Rhoda,Maples,Male,32,183457,99
51,Agathe,Sibyls,Male,35,183564,9
52,Lelah,Felecia,Male,21,182179,68
53,Kalina,Luhe,Female,1,174742,37
54,Olwen,Amadas,Female,31,73841,26
55,Debee,Billye,Male,1,159646,21
56,Lanna,Septima,Female,14,139319,19
57,Orelia,Bonucci,Male,25,86517,42
58,Joleen,Larochelle,Male,11,72428,70
59,Shaine,Mozelle,Female,9,92880,20
60,Brianna,Yoko,Female,26,102036,4
61,Violet,Malanie,Female,9,171133,38
62,Pollyanna,Georas,Female,45,54025,13
63,Janey,Septima,Male,29,137449,59
64,Norine,Swigart,Male,21,144448,78
65,Jennica,Hurley,Female,37,158474,5
66,Tracey,Gherardo,Female,8,113188,24
67,Pierette,Raimondo,Female,1,137826,31
68,Adele,Kiyoshi,Female,42,131333,34
69,Carree,Dreda,Male,4,57460,57
70,Ingrid,Strephon,Female,24,190573,21
71,Evaleen,Millda,Male,21,120294,2
72,Ashlee,Pauly,Female,31,83210,7
73,Lenna,Reinke,Male,17,127249,18
74,Kaia,Ciro,Male,39,111247,82
75,Nicoli,Yerkovich,Male,38,194525,6
76,Donetta,Drisko,Male,15,64383,70
77,Rosene,Maurine,Male,3,68642,14
78,Thalia,Jena,Male,15,118234,74
79,Vita,Verger,Male,37,195194,61
80,Susan,Vacuva,Male,1,105512,81
81,Esmeralda,Raul,Female,10,82803,48
82,June,Aaberg,Female,13,155140,26
83,Kimmy,Berne,Male,15,169469,71
84,Delilah,Helfand,Female,36,149591,22
85,Tami,Pillsbury,Male,44,100106,22
86,Bee,Ruvolo,Male,44,198731,87
87,Meg,Smitt,Male,40,92455,34
88,Layla,Clywd,Female,30,117114,3
89,Nariko,Olympium,Female,29,122621,84
90,Joleen,Daegal,Male,11,199411,47
91,Collen,Demitria,Female,19,167279,68
92,Pamella,Minetta,Female,37,181817,72
93,Ann-Marie,Slifka,Male,22,60613,17
94,Pierette,Parette,Female,10,196351,35
95,Sadie,Jefferey,Female,37,61582,5
96,Blinni,Lia,Female,34,173679,13
97,Ninnetta,Carolin,Female,5,67284,16
98,Ardenia,Secrest,Male,15,52252,6
99,Donetta,Peti,Female,28,54834,50
100,Rozele,Charmine,Female,37,96677,30
101,Katuscha,Uird,Male,34,106528,93
102,Nikki,Phi,Male,44,154314,61
103,Nannie,Brotherson,Male,7,154696,39
104,Karena,Kylander,Female,17,72588,10
105,Randa,Cleavland,Male,43,179304,49
106,Doralynne,Camden,Female,33,177149,95
107,Beverley,Valerio,Male,28,114990,80
108,Rori,Colbert,Male,22,86328,68
109,Gusella,Brittani,Male,11,87207,9
110,Lynnea,Vivle,Male,1,135610,25
111,Marline,Aurelio,Female,21,133050,43
112,Tani,Jagir,Female,34,64588,29
113,Mary,Talia,Male,14,183490,35
114,Emelina,Margret,Female,2,198086,3
115,Kassey,Gaulin,Female,27,199823,61
116,Di,Liebermann,Male,25,66916,89
117,Thalia,Joni,Male,43,116518,69
118,Margarette,Lea,Male,29,111315,43
119,Ermengarde,Fry,Male,5,158255,75
120,Millie,Reinke,Female,23,89349,96
121,Consuela,Himelman,Female,11,148981,64
122,Steffane,Mike,Male,29,145257,33
123,Renae,Toni,Male,44,89272,19
124,Rochette,Corabella,Male,21,141329,36
125,Susan,Ammann,Male,38,153583,11
126,Nariko,Mott,Male,34,96066,5
127,Harrietta,Zrike,Female,8,65150,58
128,Rosanne,Harl,Female,32,130239,7
129,Gusty,Adore,Male,36,91891,27
130,Basia,Lay,Male,37,114021,76
131,Alie,Pattin,Male,6,102893,91
132,Lusa,Catie,Male,12,120910,53
133,Kaia,Mathilde,Male,28,169593,79
134,Jinny,Beniamino,Male,29,140334,100
135,Carmela,Elvyn,Male,31,87167,79
136,Gavrielle,Gwenore,Male,7,153120,80
137,Madelle,O'Carroll,Male,12,115601,80
138,Annecorinne,Reneta,Female,5,55739,96
139,Malina,Posner,Male,10,155147,13
140,Chastity,Jehu,Female,36,53877,72
141,Tabbatha,Erb,Female,22,127988,43
142,Melina,Lucienne,Female,42,197348,21
143,Sam,Curren,Female,16,197987,78
144,Jemie,Tyson,Female,36,152794,15
145,Peri,Zenas,Male,32,173430,95
146,Codie,Cutlerr,Female,21,70218,39
147,Taffy,Ilka,Male,28,186737,87
148,Vivia,Gibbeon,Female,20,98612,79
149,Genevra,Hoenack,Male,12,178852,1
150,Brandise,Cristi,Female,45,56559,57
151,Frieda,Raama,Male,22,54712,3
152,Roz,Agle,Female,34,161125,5
153,Marita,Quinn,Female,6,164829,70
154,Jenilee,Alcott,Female,31,70553,1
155,Ruthe,Estella,Female,32,171053,53
156,Meriel,Quent,Female,22,68200,68
157,Carol-Jean,Lucienne,Female,2,197271,36
158,Janey,Nelsen,Female,17,150382,59
159,Heida,Hubert,Female,6,126984,77
160,Tressa,Therine,Female,13,126987,90
161,Alameda,Colbert,Female,9,94742,23
162,Estell,Berl,Male,44,166416,40
163,Averyl,Ventre,Male,22,172325,39
164,Regina,Vivle,Male,36,83793,74
165,Ida,Fosque,Female,33,177714,41
166,Fanny,Buffum,Male,19,185023,16
167,Stacey,Fulmer,Male,39,134276,69
168,Dale,Marlie,Male,1,179805,29
169,Odessa,Pascia,Male,24,59367,78
170,Peri,Tomasina,Male,2,124508,60
171,Doro,Alisia,Female,39,151181,21
172,Lila,Gaspard,Male,24,107118,35
173,Teriann,Annice,Male,34,199550,6
174,Jinny,Fairweather,Male,27,149118,70
175,Georgetta,Knowling,Female,44,196440,41
176,Shaylyn,Girardo,Female,12,55686,93
177,Adelle,Kaja,Female,14,70218,83
178,Priscilla,Gower,Male,35,63143,94
179,Gavrielle,Aurelio,Male,15,157984,8
180,Atlanta,Halsey,Male,36,194321,6
181,Evita,Atonsah,Male,45,157307,99
182,Cissiee,Niles,Male,5,179934,47
183,Belva,Virgin,Male,45,80233,71
184,Jemie,Thad,Male,13,66735,75
185,Carmencita,Donoghue,Male,17,79008,85
186,Pollyanna,Marsden,Male,16,72494,84
187,Maisey,Arvo,Male,30,97540,100
188,Evita,Rudolph,Female,40,89871,70
189,Sidoney,Yusuk,Female,25,50998,29
190,Goldie,Hylan,Female,29,57409,59
191,Genevra,Elo,Female,2,82256,95
192,Robbi,O'Rourke,Male,26,154494,5
193,Olivette,Pandolfi,Female,20,198550,94
194,Jacenta,Blake,Male,14,167722,63
195,Celene,Denis,Female,5,69553,13
196,Melina,Lemuela,Female,20,55653,96
197,Basia,Gregrory,Female,25,96246,41
198,Carlie,Hieronymus,Male,35,120647,53
199,Nicoli,Ehrman,Female,32,150636,54
200,Carree,Clywd,Male,41,83586,28
201,Gilda,Corrine,Female,21,135217,5
202,Ellette,Paton,Female,16,198448,65
203,Brietta,Roumell,Male,20,167672,92
204,Consuela,Travax,Male,37,88881,56
205,Christy,Catie,Male,35,120035,40
206,Candy,Ammann,Male,36,168048,1
207,Larine,Cavan,Female,23,115750,63
208,Livvyy,Jotham,Female,26,58016,30
209,Flo,Hutchison,Female,44,113058,54
210,Cristine,Girardo,Male,41,83096,37
211,Natka,Estella,Male,40,112533,6
212,Georgetta,Ellerey,Female,34,63783,38
213,Cathyleen,Vale,Male,19,127057,19
214,Quintina,Sadowski,Male,17,58763,26
215,Amalie,Morehouse,Female,32,91047,18
216,Madeleine,Persse,Female,13,143460,8
217,Meg,Sprage,Male,44,133676,8
218,Selia,Aaberg,Male,33,181492,28
219,Selma,Clywd,Female,20,70267,22
220,Sharlene,Niccolo,Male,7,50898,23
221,Nikki,Bendick,Female,25,186181,16
222,Lorie,Hieronymus,Male,22,140454,90
223,Tersina,Rocray,Female,5,108139,98
224,Adriana,Linehan,Female,6,165401,24
225,Myriam,Drus,Female,27,133245,5
226,Ada,Alwin,Male,22,130032,47
227,Brana,Suanne,Female,4,192177,49
228,Carolina,Nance,Male,36,51457,83
229,Katharina,Thomasina,Male,42,166019,56
230,Kimberley,Kannry,Male,22,157924,81
231,Penelopa,Stevy,Male,32,180146,62
232,Dania,Kiyoshi,Male,3,121814,47
233,Karolina,Jenness,Female,41,173824,83
234,Silvana,Silvan,Female,41,113363,83
235,Gavrielle,Yate,Female,17,91844,15
236,Rosanne,Melony,Female,9,93124,47
237,Neila,Daveta,Female,16,63415,26
238,Arabel,Vivle,Male,33,185757,92
239,Nataline,Cyrie,Male,25,105242,2
240,Thalia,Daniele,Male,16,182830,83
241,Bobbi,Winthorpe,Female,36,127749,25
242,Clarice,Phyllis,Female,14,74395,98
243,Randa,Noman,Male,30,105161,52
244,Aili,Fiester,Male,39,150444,97
245,Caritta,Nadia,Male,32,84438,35
246,Carolina,Elephus,Male,38,159215,4
247,Britni,Amand,Female,12,139499,80
248,Janis,Goldina,Male,36,183583,55
249,Bernardine,Berne,Male,15,125424,37
250,Livvyy,Glovsky,Male,41,118585,3
251,Rubie,Capello,Female,38,189801,92
252,Beth,Halla,Male,45,59429,59
253,Karolina,Kaete,Male,1,58653,29
254,Layla,Girardo,Male,8,122849,25
255,Dania,Millda,Male,32,162985,38
256,Gisela,Maribeth,Female,29,157673,14
257,Jean,Felecia,Female,42,199752,48
258,Ileana,Ursulette,Female,43,96610,64
259,Frances,Dreda,Female,4,153369,37
260,Misha,Harned,Female,39,162060,47
261,Augustine,August,Female,19,120203,32
262,Alia,Dash,Male,41,175591,66
263,Brietta,Boycey,Male,9,125901,98
264,Merry,Merriott,Female,42,146904,74
265,Nananne,Kiersten,Male,26,161812,78
266,Tarra,Rodmann,Female,27,165655,5
267,Melanie,Masao,Male,38,196269,51
268,Nadine,Gusella,Female,9,125251,94
269,Karlee,Fredi,Male,45,74075,36
270,Lorne,Colp,Male,42,170852,4
271,Kimmy,Ioab,Male,10,62988,71
272,Harrietta,Neils,Male,20,154750,5
273,Hollie,Karylin,Female,18,197928,51
274,Michaelina,Alice,Male,30,98120,39
275,Michaelina,Juliet,Female,27,67193,100
276,Nariko,Afton,Female,18,86592,59
277,Sarette,Morehouse,Female,43,115753,52
278,Selma,Carmena,Male,33,54655,13
279,Joceline,Fiester,Female,33,170363,50
280,Dorthy,Haldas,Female,21,161246,9
281,Wanda,Mandler,Female,19,176131,52
282,Asia,Mehalek,Male,1,75948,10
283,Ulrike,Olnee,Female,38,81828,63
284,Kial,Roarke,Male,15,103053,6
285,Kamilah,Raul,Male,16,108939,88
286,Tiffie,Huggins,Female,11,62420,47
287,Libbie,Rona,Male,44,62932,18
288,Sidoney,Kravits,Female,9,71875,72
289,Robbi,Buffum,Male,45,192265,98
290,Leeanne,Georas,Female,8,83730,72
291,Althea,Jehu,Female,28,86480,7
292,Karena,Sallyann,Male,38,64419,4
293,Justinn,Germann,Male,32,116609,57
294,Georgetta,Campball,Male,26,154899,92
295,Diena,Chauncey,Male,5,63294,99
296,Addia,Mata,Male,2,199404,58
297,Allis,Maurine,Male,4,54348,39
298,Diena,Engdahl,Male,11,97238,59
299,Drucie,Cookie,Male,37,121158,97
300,Cacilie,Erskine,Female,3,149522,89
301,Melanie,Maples,Male,23,153290,74
302,Riannon,Mauer,Female,2,127574,69
303,Lindie,Jacqui,Male,12,83772,46
304,Marita,Audly,Female,14,199049,28
305,Aili,Cassius,Male,33,142504,39
306,Arlina,Esmaria,Female,40,110933,30
307,Konstance,Randene,Female,11,133224,41
308,Dulcinea,Phyllis,Female,25,187924,85
309,Yetty,Ovid,Female,14,175641,27
310,Olivette,Hollingsworth,Male,30,51053,11
311,Paule,Sabella,Female,16,77210,15
312,Fanny,Kellby,Male,29,176669,20
313,Madeleine,Ader,Male,38,130598,92
314,Dede,Paine,Male,37,169341,78
315,Nicoli,Giff,Male,18,169369,62
316,Mallory,Lumbard,Male,41,116117,56
317,Dennie,Dorine,Female,5,133739,100
318,Roxane,Ogren,Female,21,106367,56
319,Shannah,Adamsen,Male,30,79238,84
320,Shandie,Danby,Female,43,134577,14
321,Lexine,Friede,Female,10,176725,58
322,Louella,Waldron,Male,18,83199,69
323,Babita,Tryck,Female,27,196364,1
324,Kary,Edmund,Male,13,107228,43
325,Jackie,Pauly,Female,33,101083,18
326,Phedra,Cynar,Male,2,128987,59
327,Mady,Ellerey,Female,4,141082,64
328,Claresta,Hessler,Male,6,68396,60
329,Emelina,Stover,Female,41,80409,73
330,Sherrie,Rustice,Male,28,61306,5
331,Roseline,Haldas,Male,40,197091,28
332,Berget,Salchunas,Female,41,187070,44
333,Margarette,Ophelia,Female,39,71384,20
334,Florie,Ries,Male,41,179410,73
335,Coral,Suk,Female,14,54040,40
336,Tami,Buffum,Male,37,130241,83
337,Gilda,Nadia,Female,13,181262,99
338,Tracey,Dannye,Male,39,181283,60
339,Rubie,Lowry,Male,14,103770,19
340,Joelly,Kazimir,Female,32,80486,25
341,Elora,Wiener,Male,8,192402,59
342,Paulita,Stacy,Female,35,92936,42
343,Jemie,Campball,Male,13,192295,41
344,Ayn,Shama,Female,5,78154,53
345,Abbie,Eno,Male,30,85561,84
346,Harmonia,Penelopa,Male,39,65285,1
347,Micheline,Vins,Male,40,105112,72
348,Juliane,Neva,Female,3,114962,93
349,Atlanta,Jerold,Male,18,151283,24
350,Rosabelle,Aaberg,Female,14,58249,4
351,Larine,Tacye,Male,4,185800,100
352,Ivett,Bigner,Male,31,113211,74
353,Elka,Hazlett,Male,32,62606,40
354,Dorice,Lea,Female,18,110250,89
355,Rani,Faso,Male,39,77792,88
356,Harrietta,Hazlett,Male,4,119190,80
357,Adelle,Infield,Female,9,177710,1
358,Gisela,Dorine,Male,26,150929,60
359,Nyssa,Tarrant,Female,21,109787,94
360,Rebeca,Skell,Female,5,133361,66
361,Demetris,Eldrid,Female,32,125668,93
362,Gabriellia,Fleeta,Female,39,166392,71
363,Mireielle,Quent,Male,15,131471,73
364,Elena,Devlen,Male,26,106609,7
365,Kalina,Gualtiero,Male,28,105554,20
366,Sidoney,Sawtelle,Female,38,136706,45
367,Cecile,Hylan,Female,8,136379,42
368,Morganica,Graig,Female,2,99538,68
369,Nita,Hedve,Male,21,75503,17
370,Merle,Hoenack,Male,14,146077,78
371,Karina,Means,Male,4,176773,73
372,Maryellen,Tjon,Female,19,96766,79
373,Neila,Catie,Male,38,176810,79
374,Angelique,Fancie,Female,35,98083,28
375,Allyce,Margret,Male,26,56179,19
376,Maisey,Rugen,Female,42,75010,85
377,Melina,Hollingsworth,Male,4,112269,46
378,Bee,Sherfield,Male,23,97107,66
379,Lorenza,Baptlsta,Female,40,74584,2
380,Beth,Halsey,Male,34,143475,2
381,Thalia,Mozelle,Female,8,136608,12
382,Gratia,Louanna,Male,30,103471,16
383,Vanessa,Obed,Male,31,138352,92
384,Leanna,Lumbard,Female,34,130337,91
385,Helena,Leopold,Male,27,112908,77
386,Silvana,Quent,Male,42,155491,42
387,Liana,Toffic,Female,12,155173,94
388,Gratia,Carolin,Male,1,126606,10
389,Kathy,LaRue,Female,9,158477,11
390,Lacie,Kathie,Female,23,180268,23
391,Monika,Tatianas,Female,40,166775,88
392,Amii,Gregrory,Male,19,117040,86
393,Veda,Rebecka,Male,17,183693,16
394,Kenna,Jenness,Male,31,162429,3
395,Allis,Gert,Male,10,186578,70
396,Jsandye,Linskey,Male,20,101228,33
397,Lorne,Magdalen,Male,26,97393,72
398,Ezmeralda,Jorgan,Female,17,193591,27
399,Dede,Pip,Male,11,193525,40
400,Cindelyn,Dominy,Female,18,90463,44
401,Vita,Dash,Female,29,130080,62
402,Evaleen,Neils,Female,40,100682,22
403,Kellen,Merat,Female,35,62855,99
404,Doro,Brackely,Male,22,116786,47
405,Olivette,Korey,Female,36,139266,100
406,Shel,Mullane,Male,12,167053,20
407,Ilse,Hartnett,Female,10,137168,48
408,Demetris,Lemuela,Female,4,116712,16
409,Cordi,Jalbert,Male,39,58632,5
410,Xylina,Bahr,Male,27,172174,68
411,Brooks,Karl,Female,16,166975,61
412,Melodie,Annabella,Female,8,126613,17
413,Millie,Lunsford,Female,4,132925,78
414,Shell,Truc,Male,25,59539,66
415,Alisha,Weitman,Male,29,196424,88
416,Tierney,Thema,Female,35,179354,23
417,Valeda,Rebecka,Female,8,192465,38
418,Annecorinne,Cath,Male,3,151056,59
419,Drucie,Hanshaw,Female,23,74238,9
420,Philis,Zetta,Female,34,62098,55
421,Marcelline,Autrey,Male,5,93056,25
422,Ricky,Seessel,Male,34,111060,35
423,Nadine,Elo,Female,44,79516,20
424,Tani,Mott,Female,38,115729,52
425,Hollie,Stuart,Female,14,157401,71
426,Edith,Hunfredo,Female,34,149710,52
427,Sindee,McNully,Male,23,184375,63
428,Eugine,Huggins,Female,7,149085,61
429,Stevana,Fancie,Female,34,128032,49
430,Rosabelle,Loleta,Female,31,113253,88
431,Cherrita,Durware,Female,19,83807,91
432,Natka,Dorothy,Male,45,182347,4
433,Ethel,Ophelia,Female,23,118290,86
434,Rhea,Artie,Female,44,174102,98
435,Christian,Klemperer,Female,16,87013,70
436,Riannon,Modie,Male,15,81434,27
437,Marti,Honoria,Male,3,164185,58
438,Lucille,Atonsah,Male,12,98219,61
439,Tonia,Thar,Male,27,86696,58
440,Catrina,Bertold,Male,22,150843,7
441,Kayla,Demitria,Female,1,136075,24
442,Donetta,Alejoa,Female,18,167536,69
443,Julieta,Zola,Male,41,162249,36
444,Debee,Dowski,Female,28,161070,68
445,Cordi,Marcellus,Female,18,128738,25
446,Maisey,Martguerita,Female,36,168072,25
447,Marika,Hirsch,Female,35,86377,7
448,Sybille,Drus,Female,21,169557,34
449,Catharine,Wilona,Male,33,188921,82
450,Rebeca,Bevin,Female,37,181171,85
451,Mara,Meter,Male,38,59968,2
452,Genevra,Eben,Male,37,147962,45
453,Marnia,Love,Male,23,188997,83
454,Tabbatha,Rosalba,Female,28,162652,9
455,Maridel,Dermott,Female,40,61878,13
456,Kamilah,Shields,Female,34,168769,85
457,Lucille,Cath,Male,34,178246,62
458,Rosabelle,Ellord,Female,38,143718,54
459,Inga,Goode,Male,18,127281,82
460,Nickie,Romelda,Female,28,167827,53
461,Carly,Ranjiv,Female,20,116402,55
462,Steffane,Japeth,Male,2,157256,26
463,Jackie,Prober,Female,44,102305,67
464,Selma,Bronk,Male,16,137966,13
465,Regina,Old,Male,14,151056,20
466,Fanchon,Malanie,Male,31,53161,81
467,Charlena,Syd,Male,22,198469,76
468,Anthia,Screens,Female,19,135783,96
469,Ermengarde,Eldrid,Female,38,143353,91
470,Etta,Macey,Male,3,89999,86
471,Christian,An,Female,19,123914,76
472,Jany,Rozanna,Female,9,123995,60
473,Romona,Rooney,Male,2,105404,49
474,Ariela,Mata,Male,22,72513,42
475,Gloria,Rurik,Male,17,112959,74
476,Mathilda,Wind,Female,7,103877,49
477,Claresta,Toni,Female,15,137438,48
478,Aurelie,Karl,Female,19,79278,12
479,Sashenka,Socha,Male,4,76574,56
480,Vanessa,Jotham,Male,36,101224,33
481,Aeriela,Esmaria,Male,14,75662,57
482,Gloria,Greyson,Male,45,89425,60
483,Mady,Zetta,Female,21,151905,8
484,Kirstin,Isidore,Female,17,188306,33
485,Talya,Gower,Female,2,174241,52
486,Brena,Eachern,Male,44,110487,82
487,Rosene,Eachern,Male,4,155855,56
488,Olwen,Leopold,Male,29,59857,30
489,Pamella,Hortensia,Female,35,177895,35
490,Lyssa,Skurnik,Male,27,104059,38
491,Edyth,Ivens,Female,8,120083,39
492,Elena,Maiah,Male,10,191292,97
493,Reeba,Ramona,Male,23,111588,1
494,Almeta,Oneida,Female,42,161821,24
495,Claudina,Jerald,Female,5,74217,92
496,Marinna,Hunfredo,Female,34,175993,41
497,Doralynne,Peti,Male,14,192526,80
498,Melisent,Loleta,Male,9,167254,100
499,Amara,Harned,Male,28,114302,73
500,Tarra,McGrody,Male,16,148673,78
501,Blake,Annabella,Female,15,57082,48
502,Carol-Jean,Docilla,Female,5,171902,10
503,Hermione,Anselmi,Male,18,163324,43
504,Laurene,Saree,Male,40,191000,86
505,Alie,Granoff,Female,31,64196,73
506,Frank,Voletta,Male,24,51970,24
507,Phylis,Nickola,Female,10,191801,12
508,Chandra,Alexandr,Male,28,113830,17
509,Averyl,Gusella,Female,24,170024,3
510,Gerianna,Dimitris,Male,13,166498,84
511,Loree,Nerita,Female,2,141975,74
512,Jasmina,Shaver,Male,42,68994,73
513,Sandie,Florina,Female,9,178725,3
514,Emmey,Alisia,Male,35,125058,45
515,Romona,Wenoa,Female,17,184193,22
516,Shirlee,Corrine,Female,6,153932,64
517,Hyacinthe,Halla,Female,8,75442,39
518,Vita,Rudolph,Female,19,150230,87
519,Letizia,Kinnard,Male,43,96081,26
520,Petronia,Klotz,Female,5,131811,6
521,Dulce,Dominy,Male,7,88335,83
522,Stacey,Rocray,Male,43,182430,18
523,Marylou,Peg,Female,33,142882,53
524,Marline,Melleta,Female,8,136144,88
525,Adele,Gusella,Female,44,174539,92
526,Lexine,Juliet,Female,8,92245,80
527,Bill,Granoff,Male,30,92089,66
528,Corry,Brackely,Female,3,166937,100
529,Lulita,Dosia,Female,1,100263,15
530,Paola,Laurianne,Female,37,81374,25
531,Babita,Ball,Female,5,134387,48
532,Elka,Malvino,Male,8,96317,30
533,Orsola,Tillford,Female,28,50229,44
534,Dania,Suzetta,Male,42,95286,56
535,Fina,Devlen,Female,10,84011,21
536,Cathie,Corrine,Male,14,190445,72
537,Hildegaard,Bendick,Male,1,194604,95
538,Maurene,Dreda,Female,29,161413,48
539,Mireielle,Ruvolo,Male,36,185338,34
540,Madeleine,Himelman,Female,10,192411,96
541,Carmela,Frodi,Female,39,168986,41
542,Corene,Ball,Male,44,62508,19
543,Jobi,Gert,Male,23,153332,74
544,Konstance,Gualtiero,Female,32,144669,39
545,Nicoli,Maryanne,Male,12,76421,28
546,Lauryn,Tound,Male,36,64403,82
547,Emilia,Albertine,Female,20,169329,62
548,Caressa,Garlinda,Male,39,101439,24
549,Nadine,Cloris,Female,22,66840,92
550,Kimmy,Orelee,Female,38,121912,94
551,Olivette,Madelene,Female,45,122480,89
552,Ermengarde,Oscar,Female,8,80764,7
553,Codie,Korey,Female,10,106852,37
554,Kenna,Mott,Male,7,130055,29
555,Mariele,Craggie,Female,36,63034,19
556,Julieta,Byrne,Male,30,192494,11
557,Allis,Imelida,Male,3,65644,76
558,Sean,Sidonius,Male,8,89299,60
559,Merle,Izaak,Female,1,115544,30
560,Joane,Lesley,Female,28,157170,57
561,Arlina,Niccolo,Female,33,128357,68
562,Adriana,Chick,Female,25,186838,13
563,Gabi,Trace,Female,38,155603,96
564,Xylina,Franza,Female,39,67483,45
565,Nita,Milde,Male,27,114301,59
566,Gilligan,Yusuk,Male,22,139780,63
567,Justinn,Guildroy,Female,27,92397,84
568,Ethel,Adlare,Male,4,81831,75
569,Justinn,Middleton,Male,9,124839,30
570,Ninnetta,Weinreb,Female,20,57289,42
571,Melina,Rhu,Female,19,140135,22
572,Lacie,Himelman,Male,23,151970,99
573,Bernardine,Orelee,Female,20,100907,88
574,Pamella,Noelyn,Male,21,166916,96
575,Mallory,Ilka,Female,37,136973,81
576,Katharina,Lane,Female,4,139409,16
577,Dorothy,Leffen,Female,14,142031,99
578,Mary,Hepsibah,Female,31,150304,86
579,Lory,Ehrman,Female,35,172272,84
580,Zia,Ethban,Male,36,53325,33
581,Ellette,Dowski,Female,22,88756,84
582,Calla,Sawtelle,Male,23,187507,57
583,Alexine,Paton,Female,11,176572,80
584,Sidoney,Ader,Male,19,165549,33
585,Charissa,Suzetta,Male,26,54400,92
586,Karolina,Means,Male,26,101460,91
587,Amara,Blake,Male,9,147965,41
588,Tori,Ruvolo,Female,32,97531,49
589,Bill,Madelene,Female,2,174433,8
590,Penelopa,Nerita,Male,42,111518,8
591,Aurelie,Calhoun,Female,19,156348,86
592,Carolina,Maples,Male,27,106798,86
593,June,Willie,Male,4,197676,15
594,Dacia,Bartlett,Female,30,63035,83
595,Corina,Modie,Male,37,146192,90
596,Marti,Mata,Female,28,92676,53
597,Fred,Martguerita,Female,36,164294,77
598,Edee,Meli,Male,4,81049,76
599,Olwen,Philipp,Female,45,179185,40
600,Morganica,Nikaniki,Female,24,132449,81
601,Sonni,Halsey,Male,10,128029,19
602,Marti,Thema,Female,22,88246,32
603,Loree,Radu,Male,3,102850,92
604,Nadine,Schwejda,Female,25,154367,11
605,Carree,Tjon,Female,2,119641,18
606,Ursulina,Dawkins,Female,4,152783,35
607,Rayna,Bashemeth,Male,2,70625,61
608,Carmencita,Lilybelle,Male,33,56832,12
609,Deane,Tacye,Female,12,155475,69
610,Adriana,Chobot,Male,12,141859,63
611,Ofilia,Juan,Female,20,54310,68
612,Darlleen,Clarissa,Female,6,137213,71
613,Madeleine,Felizio,Female,17,114952,84
614,Joane,Khorma,Male,6,160031,59
615,Vinita,Janith,Male,14,121071,95
616,Rosene,Tannie,Female,38,106799,9
617,Hildegaard,Horan,Female,4,154137,16
618,Ekaterina,Dearborn,Male,44,157360,80
619,Jinny,Lattie,Male,16,154046,98
620,Linzy,O'Neill,Male,29,62946,33
621,Shirlee,Jethro,Male,36,199307,58
622,Nerta,Ambrosia,Male,7,115782,85
623,Ketti,Wyn,Male,29,124678,89
624,Sashenka,Lacombe,Male,24,177407,26
625,Anica,Darrell,Female,43,82300,69
626,Gabriellia,Japeth,Male,11,156692,36
627,Paule,Johanna,Female,11,79891,99
628,Shaylyn,Revkah,Male,44,136737,25
629,Marsiella,Tice,Male,38,118738,64
630,Marita,Baudin,Male,30,114358,74
631,Mureil,Read,Male,10,186463,95
632,Magdalena,Johnsson,Male,6,78838,26
633,Raquela,Israeli,Male,35,153756,72
634,Melanie,Byrne,Female,32,118281,79
635,Aurelie,Killigrew,Female,30,116812,87
636,Julieta,Dorine,Female,10,89796,79
637,Natka,Albertine,Male,35,130799,92
638,Ermengarde,Brenn,Male,1,189292,79
639,Lorenza,Himelman,Male,28,50533,73
640,Mildrid,Maples,Female,38,165221,14
641,Corene,Thomasina,Male,29,78274,73
642,Desirae,Turne,Male,15,94482,39
643,Nataline,Lamoree,Female,34,69353,68
644,Riannon,Chandler,Male,27,146149,54
645,Kerrin,Dominy,Female,11,124547,89
646,Ginnie,Poll,Female,7,123572,14
647,Joleen,Shuler,Female,2,73468,11
648,Ulrike,Bari,Male,24,81250,70
649,Kimmy,Codding,Male,44,50621,66
650,Harmonia,Rogerio,Female,20,146374,25
651,Shel,Reinke,Male,8,78961,32
652,Sheelagh,Sprage,Female,39,64211,30
653,Tarra,Magnolia,Female,44,136442,9
654,Nannie,Mayeda,Male,16,187808,8
655,Elmira,Erskine,Male,42,58154,39
656,Miquela,Wadell,Male,10,118407,4
657,Margalo,Pearse,Male,17,152135,32
658,Cindelyn,Autrey,Female,35,170649,3
659,Gianina,Letsou,Male,8,174322,98
660,Mellicent,Iiette,Female,42,116232,66
661,Alejandra,Selway,Male,7,170058,55
662,Sindee,Sothena,Male,17,162361,21
663,Janey,Allina,Female,10,99529,68
664,Rhea,Adamsen,Female,20,121098,2
665,Jan,Armanda,Male,30,159685,47
666,Rivalee,Thema,Female,36,165894,33
667,Dolli,Skurnik,Male,33,176312,34
668,Monika,Herrera,Female,8,71577,96
669,Xylina,Modie,Male,14,78758,21
670,Shaylyn,Carbo,Female,40,151276,90
671,Desirae,Gillan,Female,3,106572,73
672,Harrietta,Agle,Female,26,70458,22
673,Claudina,Elephus,Male,40,84910,19
674,Fina,Alexandr,Female,42,124585,65
675,Sara-Ann,Delacourt,Male,30,140032,6
676,Maye,Tatianas,Male,10,68024,35
677,Tersina,Sikorski,Female,9,85605,97
678,Elyssa,Bord,Male,36,63391,23
679,Violet,August,Female,26,113780,25
680,Beth,Curren,Male,10,163536,54
681,Kathy,Clarissa,Female,5,122218,56
682,Aurelie,Dichy,Male,26,96857,5
683,Emelina,Mullane,Female,11,92262,17
684,Mahalia,Jotham,Female,30,50941,68
685,Sidoney,Weitman,Male,30,52550,94
686,Genevra,Maurine,Female,29,155877,18
687,Jinny,Audly,Male,17,135449,80
688,Inga,Croix,Female,26,139241,98
689,Gusty,Schenck,Female,11,96213,47
690,Devina,Munn,Male,15,144446,68
691,Shell,Hashim,Male,41,154495,95
692,Arabel,Autrey,Male,20,152479,17
693,Libbie,Teddman,Male,23,191586,86
694,Dotty,Gunn,Male,4,142585,5
695,Kristan,Lesley,Male,15,151098,5
696,Dagmar,Sprage,Female,9,60625,57
697,Rosanne,Lynn,Male,40,153587,13
698,Rubie,Sallyann,Male,20,80940,7
699,Minne,Tremayne,Female,24,190941,81
700,Trixi,Michella,Male,30,75590,27
701,Sarette,Jarib,Male,41,188482,1
702,Binny,Orlene,Female,21,128501,37
703,Celestyna,Odell,Male,44,78220,95
704,Aurelie,Bebe,Male,39,107745,41
705,Jorry,Zetta,Male,25,134093,43
706,Sam,Hilbert,Male,6,53487,43
707,Camile,Odysseus,Male,40,132456,98
708,Melanie,Thunell,Female,43,185887,73
709,Winifred,Peg,Female,1,104572,14
710,Darlleen,Sundin,Male,40,145825,64
711,Dagmar,Beebe,Male,11,93736,24
712,Lucy,Vale,Male,30,184953,6
713,Jobi,Lumbard,Male,12,78970,42
714,Winny,Cadmar,Male,40,110578,64
715,Daphne,Swanhildas,Male,13,137610,88
716,Babita,Fry,Female,33,121352,9
717,Binny,Bord,Female,12,104082,92
718,Kaia,Bord,Female,7,85112,86
719,Corly,Adalbert,Male,8,162135,36
720,Caressa,Rhu,Male,37,125901,92
721,Alleen,Johanna,Male,3,163360,53
722,Roxane,Bow,Female,14,107286,8
723,Shauna,Kiyoshi,Male,35,198233,41
724,Maryellen,Eldrid,Male,2,117023,36
725,Bill,Raseda,Male,42,190088,36
726,Jsandye,Berne,Male,35,120099,29
727,Eadie,Middleton,Female,28,146129,25
728,Karolina,Roumell,Female,21,167452,99
729,Bill,Tyson,Female,20,101886,17
730,Pearline,Sekofski,Female,25,115193,31
731,Rhea,Hieronymus,Female,14,183995,51
732,Mamie,Bonucci,Female,14,57650,81
733,Roxane,Milde,Male,7,107503,61
734,Daryl,Ingra,Male,36,158067,64
735,Petronia,Hull,Female,19,190689,29
736,Alyda,Lilybelle,Male,13,174978,78
737,Emylee,Harl,Female,38,139987,83
738,Millie,Malina,Male,2,98884,90
739,Nyssa,Gilbertson,Male,37,139703,74
740,Vonny,Jobi,Female,15,153307,11
741,Kalina,Sikorski,Male,4,84977,100
742,Kellen,Sundin,Female,2,116677,13
743,Beverley,Lowry,Male,45,76593,87
744,Sheree,Pelagias,Male,1,169792,89
745,Lenna,Old,Male,15,75143,53
746,Tina,Brunell,Female,17,175323,89
747,Louella,Sothena,Female,21,68535,82
748,Natka,Greenwald,Male,37,66733,68
749,Lauryn,Ball,Female,31,94996,94
750,Susette,Bahr,Male,3,167079,65
751,Amalie,Tice,Female,22,96498,5
752,Nanete,Arathorn,Female,27,129085,96
753,Morganica,Milde,Female,14,99146,16
754,Nanete,Seessel,Female,19,74120,59
755,Ida,Egbert,Female,37,83138,94
756,Caressa,Kress,Male,41,131506,34
757,Therine,Kelula,Female,39,79127,95
758,Danika,Mott,Female,1,57237,1
759,Celestyna,Lia,Female,19,68625,36
760,Lyssa,Edison,Female,17,115591,70
761,Ardeen,Havens,Female,16,96253,23
762,Darci,Hubert,Male,43,151270,67
763,Lulita,Stoller,Male,12,190482,67
764,Kore,Haerr,Female,39,195983,94
765,Albertina,Roxanna,Female,24,175474,46
766,Perry,Cloris,Female,23,142260,21
767,Orsola,Bronk,Female,7,57804,35
768,Lelah,Sibyls,Male,35,105383,75
769,Angelique,Clarissa,Female,20,73504,63
770,Nananne,Bobbee,Female,15,129405,99
771,Hettie,Malina,Female,15,168776,85
772,Riannon,Alabaster,Female,35,171636,12
773,Vivia,Raul,Female,22,143640,69
774,Sheree,Posner,Male,35,135410,3
775,Natka,Syd,Male,40,99854,6
776,Laurene,Breed,Female,3,184233,67
777,Peri,Wooster,Female,6,156937,52
778,Allis,Even,Female,15,178515,4
779,Lelah,Hedve,Male,40,135720,35
780,Hannis,Turne,Female,1,64473,95
781,Mignon,Cavan,Male,39,164502,97
782,Tabbatha,Niles,Female,20,195725,19
783,Nerta,Screens,Female,15,166360,100
784,Jasmina,Katrine,Female,24,110017,9
785,Celestyna,Colp,Male,15,150049,78
786,Sandie,Rudolph,Male,29,109942,57
787,Iseabal,Tomasina,Female,17,128845,32
788,Nariko,Cosenza,Female,14,59386,46
789,Lorne,Bendick,Female,8,136665,34
790,Hildegaard,Koziara,Male,15,129806,14
791,Kassey,Goode,Male,7,55466,48
792,Fayre,Wallis,Female,23,92240,40
793,Jobi,Judye,Male,8,124149,35
794,Grier,Sperling,Male,38,79960,24
795,Brianna,Lorenz,Female,13,196214,86
796,Barbara,Madelene,Female,36,182855,73
797,Lily,Adore,Male,15,97321,5
798,Leona,Tengdin,Female,5,186393,45
799,Jere,Eugenia,Female,32,100270,99
800,Elvira,Florina,Male,1,153603,27
801,Maud,Joli,Female,32,72643,4
802,Micheline,McClimans,Male,20,106767,75
803,Natka,Gavrila,Male,15,177455,19
804,Evita,Delp,Male,19,60354,49
805,Krystle,Baudin,Male,37,145281,38
806,Phylis,Jarib,Female,39,191694,96
807,Kittie,Kravits,Male,11,136975,90
808,Rosanne,Sherfield,Female,29,80998,91
809,Aurore,Cyrie,Female,2,51007,59
810,Sissy,Alejoa,Female,42,153092,28
811,Justinn,Jillane,Female,39,57544,14
812,Vere,Kristi,Female,2,81253,94
813,Dyann,Lilybelle,Male,3,64755,2
814,Nerta,Suk,Female,31,95207,12
815,Katuscha,Bari,Female,15,116406,89
816,Gisela,Orpah,Female,6,125883,98
817,Frank,Angelis,Female,25,106339,38
818,Wendi,Gale,Female,16,175949,70
819,Halette,Alwin,Male,37,58689,89
820,June,Pettiford,Male,11,107998,76
821,Tabbatha,Rosalba,Male,42,129041,26
822,Lindie,Arquit,Male,33,62125,35
823,Nelle,Stoller,Female,7,141052,52
824,Joy,Dahlia,Female,32,155576,28
825,Gabriellia,Azeria,Male,17,118355,23
826,Calla,Cassius,Female,15,69873,78
827,Charissa,Stelle,Male,42,78833,94
828,Estell,Lia,Female,43,103933,94
829,Jerry,Ralfston,Male,38,55581,69
830,Wileen,Maiah,Male,26,178444,75
831,Lusa,Tarrant,Male,36,180019,64
832,Margette,Faro,Female,26,56607,19
833,Netty,O'Neill,Male,34,58334,40
834,Georgetta,Urania,Female,42,92065,79
835,Bibby,Chinua,Female,4,174777,35
836,Alia,Infield,Female,5,109621,18
837,Ilse,Swigart,Male,21,105735,86
838,Sabina,Annabella,Male,28,188676,48
839,Catrina,Annice,Female,43,120842,21
840,Estell,Karl,Male,13,159613,86
841,Wendi,Lutero,Male,32,68429,27
842,Misha,Belanger,Male,11,164115,45
843,Ketti,Zina,Male,25,153961,83
844,Paulita,Deny,Female,14,75171,81
845,Lelah,Faso,Female,16,175827,32
846,Clo,Eldrid,Male,3,60870,21
847,Madeleine,Hilbert,Male,34,69142,100
848,Yvonne,Breed,Female,13,183890,34
849,Viki,Kathie,Female,12,157807,48
850,Maud,Lynn,Female,9,156022,50
851,Merry,Lesley,Male,22,91018,49
852,Margalo,Truc,Female,31,62986,67
853,Calla,Ambrosia,Male,8,94504,23
854,Fred,Laverne,Female,4,167047,15
855,Kial,Candy,Male,40,155063,65
856,Alameda,Paton,Male,30,71925,100
857,Jean,Hilbert,Female,35,172954,81
858,Siana,Estella,Female,1,171405,2
859,Maye,Christal,Male,37,160100,35
860,Moyna,Revkah,Male,8,105515,94
861,Regina,Eckblad,Female,7,66556,77
862,Joane,Sophronia,Female,27,116847,12
863,Lusa,Stover,Female,8,106909,47
864,Joeann,Dituri,Male,25,89939,29
865,Anica,Aldric,Female,40,192944,15
866,Steffane,Bearnard,Female,22,195095,90
867,Andeee,Imelida,Male,19,72173,7
868,Kirbee,Kress,Male,6,131901,99
869,Yvonne,Milson,Female,29,90907,32
870,Corry,Clywd,Female,9,76190,92
871,Belva,Carey,Female,26,154948,8
872,Flory,Ioab,Male,37,188670,75
873,Tera,Cosenza,Male,13,129727,62
874,Starla,Ricki,Female,4,57991,79
875,Flory,Larochelle,Female,31,120427,29
876,Roseline,Docilla,Female,1,197392,70
877,Belinda,Minetta,Female,14,99118,29
878,Jessamyn,Rosette,Female,39,63399,12
879,Binny,Kristi,Female,4,153016,53
880,Sherrie,Curren,Male,13,87743,44
881,Sarette,Leonard,Female,17,154014,60
882,Tori,Brady,Female,23,57411,51
883,Bernardine,Gaulin,Male,23,174495,62
884,Deirdre,Papageno,Male,10,60551,48
885,Raina,Wallis,Female,35,123483,54
886,Bee,Roche,Male,3,95353,86
887,Jany,Alrich,Female,44,137056,57
888,Kirstin,Oscar,Female,7,54426,87
889,Laurene,Darbie,Female,4,127650,79
890,Danny,Edvard,Male,23,186146,74
891,Gratia,Barrus,Female,12,141516,8
892,Berget,Hoenack,Female,13,54570,64
893,Gratia,Masao,Female,42,137707,80
894,Mamie,Marisa,Male,36,190317,82
895,Carolina,Lane,Male,33,198726,75
896,Hope,Xerxes,Male,10,131461,97
897,Codie,Jary,Female,38,95752,5
898,Raf,Norvol,Female,25,180251,62
899,Cecile,Zola,Female,7,166485,5
900,Jerry,Brackely,Male,3,120041,6
901,Ann-Marie,August,Male,10,77950,50
902,Genovera,Tice,Female,42,114949,86
903,Winifred,Ariella,Male,19,62948,45
904,Donetta,Pascia,Female,33,163172,8
905,Vanessa,McClimans,Female,19,81752,70
906,Catharine,Lamoree,Male,30,69907,44
907,Bill,Rheingold,Male,19,138609,59
908,Edee,Oriana,Male,8,197079,87
909,Nataline,Bevin,Female,6,133099,68
910,Cacilie,Orpah,Male,3,115309,60
911,Loree,Eben,Male,36,106852,30
912,Leona,Cavan,Female,7,71174,46
913,Alleen,Couture,Female,30,140897,41
914,Kara-Lynn,Bluh,Female,34,84231,26
915,Nickie,Phi,Female,27,152310,28
916,Sybille,Lareena,Female,38,139123,25
917,Daune,Karylin,Male,12,68622,33
918,Cordi,Thilda,Male,16,64469,67
919,Dale,Gibbeon,Female,23,109469,8
920,Maud,Reneta,Female,26,87551,95
921,Carol-Jean,Raffo,Male,18,189606,41
922,Lexine,Hazlett,Female,11,57986,32
923,Liana,Moina,Male,3,134229,48
924,Gloria,Libna,Male,16,168841,73
925,Esmeralda,Cristi,Male,10,195551,54
926,Genevra,Connelly,Male,4,116383,80
927,Ulrike,Colleen,Male,41,51992,24
928,Helena,Lea,Female,25,110186,75
929,Lucy,Presber,Female,17,56201,59
930,Bobbi,Guthrie,Female,12,125153,46
931,Dawn,Koehler,Male,2,195077,8
932,Yvonne,Ariella,Male,6,140197,12
933,Oralee,Earlie,Female,6,73777,23
934,Janeczka,Helfand,Female,16,75480,98
935,Kerrin,Ashely,Male,20,128047,93
936,Averyl,Redmond,Female,24,181518,42
937,Jenda,Madelene,Female,40,190928,20
938,Nessie,Nikaniki,Female,11,70542,83
939,Dulcinea,Scammon,Female,45,184584,64
940,Zia,Berard,Female,35,105140,36
941,Misha,Colyer,Female,34,186139,6
942,Regina,Schlosser,Male,32,76813,17
943,Harmonia,Moina,Male,20,67579,93
944,Cacilie,Dannye,Male,40,176102,74
945,Orelia,Leopold,Male,9,195466,79
946,Siana,Haymes,Female,12,71369,12
947,Cassondra,Barney,Male,3,185103,72
948,Talya,Roumell,Male,33,108381,81
949,Suzette,Dimitris,Male,29,71036,7
950,Gui,Evangelia,Male,40,74486,44
951,Mady,Jotham,Male,22,132260,33
952,Helsa,Deny,Male,24,85813,49
953,Lucille,Avi,Female,41,54628,40
954,Amelia,Poll,Male,37,57635,17
955,Keelia,Dreda,Male,20,154710,59
956,Perry,Jena,Female,33,81537,63
957,Yetty,Judye,Female,26,92822,74
958,Christian,Ferino,Male,31,59325,21
959,Heida,Salvidor,Male,6,105381,59
960,Nicoli,Durware,Female,22,155565,32
961,Bibby,LaRue,Male,13,133850,44
962,Verla,Nahum,Male,40,54150,8
963,Ashlee,Aprile,Male,26,195214,44
964,Cherrita,Rebecka,Female,15,65852,56
965,Roberta,Lutero,Female,40,133145,61
966,Donnie,Phyllis,Female,39,153840,48
967,Alexine,Vharat,Male,28,123798,55
968,Dominga,Junie,Female,36,88892,40
969,Raquela,McGrody,Male,31,134298,16
970,Gwyneth,Kiersten,Female,11,96392,93
971,Joleen,Reinke,Female,23,192951,43
972,Roseline,Adamsen,Female,15,100510,46
973,Deedee,Marcellus,Male,31,81599,72
974,Cathie,Cullin,Male,32,159834,73
975,Jinny,Frodi,Female,19,90638,93
976,Aigneis,Suk,Female,14,88864,10
977,Courtnay,Stanwood,Male,18,88623,14
978,Margarette,Barney,Female,22,182779,79
979,Korrie,Wenda,Male,24,148407,93
980,Farrah,Francyne,Female,2,173851,11
981,Addia,Marden,Male,18,57982,50
982,Elbertina,Randene,Female,7,58669,44
983,Audrie,Celestine,Male,40,176801,14
984,Pamella,Natalia,Female,7,159715,89
985,Nerta,Eldrid,Female,20,68800,13
986,Roz,Lytton,Female,36,184802,48
987,Myrtice,Tomasina,Female,20,171114,6
988,Jillayne,Read,Female,33,109770,58
989,Angelique,Kalinda,Male,25,103779,95
990,Libbie,Hedve,Male,15,89418,95
991,Gloria,Niles,Female,28,54784,93
992,Ira,Leifeste,Female,4,95303,90
993,Emma,Sancho,Male,45,65004,64
994,Shell,O'Neill,Male,33,78331,44
995,Arlina,Azeria,Female,34,171720,51
996,Hollie,Iiette,Male,24,146205,23
997,Kamilah,Hillel,Female,8,104770,14
998,Addia,Bertold,Male,30,101058,32
999,Lauryn,Orlene,Female,34,50054,67
1000,Pollyanna,Tufts,Male,8,150555,40
1001,Dede,Fillbert,Female,44,178683,69
1002,Jackie,Candy,Female,1,115607,59
1003,Edee,Brunell,Female,14,134920,2
1004,Fernande,Roarke,Female,5,116926,31
1005,Farrah,Sperling,Female,1,175330,36
1006,Oona,Valoniah,Male,21,174573,22
1007,Averyl,Konyn,Male,22,199222,6
1008,Dede,Halsey,Male,18,109202,65
1009,Trixi,Kelula,Female,2,104179,35
1010,Leeanne,Alexandr,Male,10,75299,18
1011,Quintina,Kevon,Male,45,195941,59
1012,Zaria,Roche,Female,17,90635,36
1013,Ann-Marie,Iiette,Female,7,174985,51
1014,Aubrie,Kirbee,Male,20,148653,44
1015,Aeriela,Kellby,Female,28,119558,88
1016,Olivette,Vivle,Male,11,104089,65
1017,Myriam,Stoller,Male,14,117003,52
1018,Yvonne,Saree,Female,26,181750,86
1019,Jobi,Demitria,Female,23,117464,42
1020,Mignon,Gert,Male,2,103691,80
1021,Jsandye,Mike,Male,13,62858,92
1022,Ardys,O'Neill,Female,22,146918,100
1023,Justinn,Oscar,Female,17,197278,94
1024,Kial,Raychel,Female,22,182500,78
1025,Jolyn,Mich,Male,18,71476,81
1026,Larine,Elvyn,Female,23,55745,14
1027,Corly,Longfellow,Female,28,140365,36
1028,Gerrie,Kenwood,Male,25,71165,27
1029,Kittie,Johnsson,Female,38,134023,72
1030,Dacia,Gamaliel,Female,32,194898,80
1031,Kore,Garek,Male,36,144586,47
1032,Chloris,Wildermuth,Male,16,85106,52
1033,Tiffie,Larochelle,Male,6,113670,64
1034,Bobinette,Rossner,Male,38,182167,100
1035,Raquela,Ruvolo,Female,19,175975,88
1036,Emmey,Alrich,Female,3,158237,24
1037,Cherrita,Janene,Female,26,141324,10
1038,Evita,Madelene,Female,4,144625,81
1039,Jacquetta,Phaidra,Male,44,60820,75
1040,Fanchon,Pattin,Male,7,122834,80
1041,Bill,Mozelle,Female,22,82155,7
1042,Charissa,Killigrew,Female,36,185010,66
1043,Ruthe,Alisia,Female,30,131337,8
1044,Feliza,Brieta,Female,24,95417,67
1045,Tabbatha,Xerxes,Male,31,111734,48
1046,Kary,Vittoria,Female,5,186195,74
1047,Katuscha,Goddard,Male,40,127494,67
1048,Aaren,Ambrosia,Female,1,97168,20
1049,Aeriela,Jagir,Male,19,95517,18
1050,Katleen,Karylin,Male,7,186417,33
1051,Kathy,Honoria,Male,36,54668,17
1052,Barbara,Boehike,Female,15,188085,3
1053,Ermengarde,Sherrie,Female,18,87742,77
1054,Alameda,Arne,Female,45,169079,53
1055,Bertine,Dorcy,Female,10,138946,44
1056,Frieda,Eckblad,Female,33,154178,20
1057,Edyth,Brian,Male,15,146539,46
1058,Elvira,Mandler,Female,1,189947,11
1059,Ethel,Thornburg,Male,43,125171,2
1060,Stevana,Poppy,Female,29,93607,45
1061,Madelle,Yoko,Female,39,184001,39
1062,Shannah,Carleen,Male,21,114978,18
1063,Peri,Jalbert,Male,45,139109,26
1064,Molli,Clie,Female,44,67622,58
1065,Hollie,Tatianas,Male,13,152823,5
1066,Ebonee,Masao,Male,2,68861,62
1067,Keelia,Kauppi,Female,15,138877,24
1068,Clary,Chick,Male,42,67909,22
1069,Hope,Clie,Male,2,175739,12
1070,Eadie,Arley,Male,18,191353,67
1071,Gale,Billye,Male,7,169267,68
1072,Alexine,Hull,Female,24,139449,34
1073,Cyndie,Fulmer,Male,15,134791,48
1074,Leontine,Gemini,Female,18,145407,36
1075,Cherrita,Annabella,Female,29,142028,70
1076,Willetta,Boehike,Female,27,95065,70
1077,Dolli,Lattie,Female,41,79202,16
1078,Carmencita,Angelis,Female,24,99582,92
1079,Nicoli,Kannry,Female,28,91036,83
1080,Corry,Weitman,Male,2,141253,67
1081,Elka,Nance,Female,41,56074,4
1082,Bobinette,Vacuva,Female,3,102688,63
1083,Roberta,Means,Female,1,173013,38
1084,Pamella,Dimitris,Female,31,176456,62
1085,Alejandra,Dannye,Male,43,106683,17
1086,Leia,Mallon,Male,7,112561,97
1087,Sharai,Wandie,Female,25,68106,70
1088,Tonia,Toffic,Male,45,86556,72
1089,Bertine,Read,Male,30,58322,28
1090,Gale,Naashom,Female,3,193870,94
1091,Constance,Goldina,Female,41,129243,77
1092,Louella,Goode,Male,35,109226,14
1093,Marti,Laverne,Male,6,71540,54
1094,Paulita,Hewitt,Female,9,64754,2
1095,Ginnie,Beniamino,Male,37,92401,4
1096,Hermione,McClimans,Female,29,177132,54
1097,Emmey,Arathorn,Female,35,96496,38
1098,Gui,Deegan,Male,32,148939,59
1099,Modestia,Rocray,Male,9,86286,68
1100,Lindie,Maxi,Female,35,142827,4
1101,Trixi,Yerkovich,Female,21,101624,81
1102,Fawne,Hoban,Female,20,102930,74
1103,Tilly,Bury,Female,3,67015,88
1104,Paola,Borrell,Female,43,70260,51
1105,Alyda,Cherianne,Male,29,170606,75
1106,Sharlene,Braun,Female,42,124196,51
1107,Carree,Lymann,Female,35,80319,21
1108,Raina,Hortensia,Male,44,123455,1
1109,Micheline,Halla,Male,24,135274,61
1110,Brianna,Dunkin,Female,40,136927,10
1111,Betta,Dawkins,Male,4,193907,5
1112,Mireielle,Granoff,Male,1,135370,96
1113,Konstance,Sheedy,Male,41,182671,84
1114,Stephanie,Scammon,Female,40,73305,25
1115,Eolanda,Haldas,Female,43,167069,68
1116,Noelle,Braun,Female,9,164907,73
1117,Sybille,Pelagias,Female,11,95958,93
1118,Alyssa,Carmena,Male,34,176524,90
1119,Nickie,Freddi,Female,40,131485,54
1120,Cacilie,Rhu,Male,19,172241,55
1121,Ardys,Tristram,Male,40,95243,14
1122,Mariann,Bennie,Female,28,169437,29
1123,Cissiee,Sasnett,Female,4,63329,88
1124,Edyth,Meter,Male,28,165268,58
1125,Audrie,Yuille,Female,4,191805,90
1126,Leia,Chaing,Female,44,66596,50
1127,Daphne,Orpah,Male,19,109093,69
1128,Gerrie,Posner,Female,32,74236,58
1129,Mallory,Ralfston,Male,36,173104,6
1130,Corina,Phaidra,Male,37,118716,12
1131,Aimil,Bakerman,Male,19,116750,28
1132,Beth,Ambrosia,Female,24,75352,40
1133,Shirlee,Roxanna,Female,19,198114,78
1134,Fayre,Jobi,Female,27,86402,47
1135,Jacquetta,Korey,Female,45,159934,39
1136,Kellen,Plato,Male,33,79906,98
1137,Leeanne,Kannry,Female,1,159185,58
1138,Marinna,Suk,Female,23,102661,19
1139,Lusa,Eldrid,Female,39,160071,88
1140,Phedra,Adalbert,Male,33,140361,95
1141,Cassondra,Tannie,Male,22,63794,90
1142,Tani,Vorster,Female,44,119434,48
1143,Teriann,Doig,Female,9,140463,92
1144,Marika,Seumas,Male,1,83045,16
1145,Hildegaard,Amasa,Female,36,154723,94
1146,Elvira,Erich,Female,24,112623,53
1147,Lenna,Markman,Female,24,162793,19
1148,Kate,Thad,Male,24,162372,5
1149,Mireielle,Sabella,Male,36,105992,97
1150,Kristan,Faro,Male,34,131569,62
1151,Marleah,Skell,Male,38,172086,53
1152,Ericka,Jena,Female,6,186618,87
1153,Tonia,Darian,Male,5,75017,43
1154,Janey,Philipp,Female,9,132696,78
1155,Sadie,Madox,Male,32,131359,54
1156,Monika,Hartnett,Male,19,141510,15
1157,Darlleen,Telfer,Female,25,52743,20
1158,Donetta,Martsen,Male,1,178908,87
1159,Belva,Killigrew,Male,2,115281,39
1160,Lonnie,Faro,Female,26,101416,71
1161,Gavrielle,Fennessy,Male,3,156152,51
1162,Ana,Wenoa,Female,28,174557,43
1163,Marsiella,Zachary,Male,41,56736,7
1164,Elfreda,Kalinda,Female,45,78184,1
1165,Margarette,Breed,Female,5,151310,89
1166,Lynde,Suk,Male,21,196487,4
1167,Aili,Ailyn,Female,16,50292,84
1168,Grier,Justinn,Female,2,133943,21
1169,Chastity,Franza,Male,18,103411,63
1170,Zia,Malvino,Female,13,131282,46
1171,Carol-Jean,Willie,Male,16,166018,29
1172,Kial,Malina,Male,9,188802,9
1173,Nonnah,Olin,Female,35,113322,58
1174,Jaime,Ammann,Male,2,94870,21
1175,Emylee,Sallyann,Male,22,192035,90
1176,Dode,Autrey,Male,9,159028,70
1177,Penelopa,Sibyls,Male,17,149864,82
1178,Lelah,Adore,Female,25,99301,26
1179,Estell,Hurley,Female,40,71139,1
1180,Cissiee,Odysseus,Male,27,149831,59
1181,Belva,Borrell,Male,42,177480,71
1182,Claudina,Tjon,Male,37,158682,41
1183,Zaria,Berne,Male,33,87864,92
1184,Carlie,Fontana,Male,24,75031,81
1185,Annabela,Ietta,Female,30,125327,7
1186,Trixi,Simmonds,Male,17,109144,94
1187,Anestassia,Raimondo,Female,11,95522,17
1188,Mamie,Saunderson,Female,37,182267,35
1189,Elyssa,Kazimir,Female,34,104181,98
1190,Jeanna,Hewitt,Male,38,164413,40
1191,Marcy,Leffen,Male,18,96156,67
1192,Sharai,Martguerita,Female,1,74877,52
1193,Hildegaard,Si,Female,27,165008,92
1194,Amelia,Dulciana,Female,9,72110,77
1195,Theodora,Ovid,Male,27,157295,89
1196,Diena,Hylan,Female,36,147867,2
1197,Loree,Madox,Male,2,186321,2
1198,Sophia,Tengdin,Male,9,126861,29
1199,Maud,Sabella,Female,23,113320,84
1200,Ninnetta,Jena,Male,45,181901,29
1201,Belva,Casimir,Female,6,177920,14
1202,Dorene,Alice,Male,31,170632,68
1203,Lanna,Bartlett,Female,43,183834,64
1204,Aubrie,Cullin,Male,12,64416,10
1205,Halette,Gherardo,Female,15,152358,13
1206,Cassandra,Turne,Male,6,176395,57
1207,Janis,Loleta,Male,26,148346,59
1208,Sharai,Goldina,Female,10,53966,36
1209,Claresta,Larochelle,Female,45,56187,33
1210,Rochette,Macey,Male,2,106896,4
1211,Therine,Stover,Female,38,82043,43
1212,Evaleen,Brittani,Female,37,176944,56
1213,Mariann,O'Carroll,Female,7,58124,14
1214,Eadie,Zuzana,Female,27,61431,50
1215,Marleah,Ledah,Female,38,173686,88
1216,Sophia,Rocray,Female,44,164681,89
1217,Violet,Casimir,Male,34,86825,87
1218,Veda,Rolf,Male,1,184516,47
1219,Mallory,Rubie,Female,41,84955,66
1220,Belinda,Hortensia,Male,3,185099,47
1221,Lita,Blake,Female,3,78416,85
1222,Marinna,Ball,Female,14,176668,97
1223,Fina,Publia,Male,43,191644,40
1224,Thalia,Thar,Male,31,194283,89
1225,Lynea,Borrell,Male,12,181047,41
1226,Gilda,Wyn,Male,41,89653,82
1227,Jean,Lail,Female,7,186337,13
1228,Jenilee,Mintz,Female,22,84240,48
1229,Bertine,Lilas,Male,37,53005,4
1230,Stacey,Gibbeon,Female,31,198471,14
1231,Pamella,Dimitris,Male,39,58717,5
1232,Nariko,Sidonius,Male,41,99164,52
1233,Lesly,Gilmour,Male,32,99643,41
1234,Noelle,Love,Female,34,77479,18
1235,Lynde,Middleton,Female,38,116767,70
1236,Darlleen,Gregrory,Male,42,142340,90
1237,Clementine,Bebe,Male,31,74927,77
1238,Vinita,Connelly,Male,29,71648,82
1239,Bertine,Cherianne,Male,32,59932,4
1240,Lexine,Deny,Female,33,84552,75
1241,Cordi,Liva,Female,34,149150,44
1242,Annabela,Orlene,Male,20,188991,46
1243,Dennie,Margarete,Male,29,53582,45
1244,Kimberley,Alisia,Male,18,71690,66
1245,Livvyy,Erskine,Female,12,64457,66
1246,Ermengarde,Vivle,Male,24,79578,13
1247,Brietta,Estella,Female,17,155576,92
1248,Lexine,Urania,Female,2,71532,73
1249,Bertine,Nelsen,Male,27,91828,35
1250,Amii,Bartlett,Male,42,124451,56
1251,Larine,Annabella,Female,11,168028,74
1252,Ann-Marie,Sacken,Female,16,141132,63
1253,Blinni,Dash,Male,34,169175,43
1254,Frieda,Standing,Female,14,154332,13
1255,Charissa,Hollingsworth,Female,44,128445,83
1256,Eugine,Gahl,Female,23,88271,60
1257,Hannis,Nance,Male,7,188214,8
1258,Gusty,Scammon,Male,20,129982,71
1259,Fayre,Amasa,Female,24,90519,8
1260,Shauna,Idelia,Female,41,82499,5
1261,Elyssa,Alrich,Female,31,84492,40
1262,Joy,Rona,Female,8,114575,94
1263,Luci,Pauly,Male,23,164170,92
1264,Cindelyn,Laverne,Female,16,140848,57
1265,Nannie,Merat,Female,41,71612,15
1266,Evita,Abbot,Male,1,50950,15
1267,Andree,Han,Male,3,150584,84
1268,Gerrie,Blisse,Female,3,174680,52
1269,Konstance,Gaspard,Female,7,199602,42
1270,Clo,Revkah,Male,12,158751,95
1271,Chandra,Charity,Male,23,112693,62
1272,Caritta,Girardo,Male,33,78707,10
1273,Roxane,Ludewig,Female,1,77950,82
1274,Raf,Tengdin,Female,23,53736,23
1275,Marylou,Ogren,Female,17,116679,98
1276,Augustine,Nahum,Male,38,131434,86
1277,Ernesta,Ummersen,Female,8,198341,58
1278,Kamilah,Gemini,Female,5,127735,17
1279,Ada,Philoo,Female,9,109574,35
1280,Livvyy,Riordan,Male,2,67278,100
1281,Lolita,Stephie,Female,1,131325,61
1282,Felice,Bennie,Male,40,103303,58
1283,Chere,Berriman,Male,12,181325,3
1284,Melina,Primalia,Male,25,124418,54
1285,Chloris,Cutlerr,Female,45,195860,18
1286,Shauna,Vins,Female,14,168844,32
1287,Christian,Hebner,Female,4,84316,89
1288,Gui,Romelda,Female,33,134002,100
1289,Beatriz,Burkle,Male,31,113262,79
1290,Constance,Lipson,Female,15,141383,24
1291,Karena,Zenas,Female,28,176638,82
1292,Annora,Shaver,Male,36,177355,64
1293,Belva,Ferino,Male,31,160002,59
1294,Aigneis,Wilkinson,Female,43,157292,62
1295,Deloria,Simmonds,Female,6,91240,94
1296,Janeczka,Carbo,Male,19,187342,64
1297,Deane,Sekofski,Female,14,65861,19
1298,Taffy,Read,Female,16,89589,1
1299,Antonietta,Friede,Female,43,157752,30
1300,Cam,Elbertina,Female,30,163391,56
1301,Antonietta,Sinegold,Female,37,81184,75
1302,Flo,Joni,Male,27,183703,53
1303,Gwyneth,Cavan,Female,31,81843,13
1304,Kimmy,Karl,Female,28,87519,96
1305,Steffane,Toffic,Female,28,58046,27
1306,Adore,Grayce,Male,28,110221,12
1307,Rivalee,Orlene,Male,35,87798,39
1308,Dode,Terencio,Male,5,78633,31
1309,Theodora,Aaberg,Male,10,113125,14
1310,Ariela,Fiester,Female,28,113910,6
1311,Jessy,Standing,Female,31,179242,82
1312,Gusella,Secrest,Male,5,50115,81
1313,Nannie,Argus,Male,18,182912,52
1314,Kara-Lynn,Ehrman,Female,9,52789,73
1315,Debee,Fulmer,Female,15,105507,35
1316,Constance,Alejoa,Male,29,135860,92
1317,Jany,Gerge,Male,4,150603,38
1318,Sallie,Boycey,Female,23,164126,52
1319,Shauna,Martguerita,Male,30,55313,13
1320,Alejandra,Colleen,Male,8,154389,34
1321,Lyssa,Wooster,Male,42,72515,4
1322,Priscilla,Ahab,Male,8,169026,80
1323,Dominga,Selway,Male,13,61618,72
1324,Sheree,Schroth,Male,10,73197,49
1325,Jessy,Carmena,Female,8,56928,26
1326,Roslyn,Orpah,Female,33,140239,35
1327,Jemie,Gemini,Female,32,189583,71
1328,Jan,Sibyls,Female,9,179661,45
1329,Netty,Sabella,Male,27,65492,60
1330,Max,Seagraves,Female,37,120307,10
1331,Taffy,Jacobah,Male,30,186758,4
1332,Rosabelle,Wittie,Female,25,59374,74
1333,Mireielle,Amasa,Female,16,60053,29
1334,Roberta,Cookie,Female,18,190152,12
1335,Anthia,Noman,Male,18,170054,39
1336,Lilith,Jacinda,Male,39,57158,18
1337,Gavrielle,Pyle,Male,7,54919,80
1338,Angelique,Tice,Male,31,72060,9
1339,Cherrita,Niccolo,Male,24,186572,72
1340,Bertine,Haerr,Male,5,52583,7
1341,Oona,Dosia,Male,13,118691,30
1342,Phedra,Brandice,Female,30,179417,46
1343,Kathi,Kunin,Male,19,184039,25
1344,Devina,Kelula,Male,40,166843,20
1345,Sindee,Morrill,Female,1,156215,46
1346,Carree,Thunell,Male,10,144013,11
1347,Gusty,Eldrid,Male,19,65304,23
1348,Konstance,Lesley,Male,17,178183,95
1349,Rosabelle,Carri,Female,22,86655,86
1350,Konstance,Richers,Male,9,90959,82
1351,Maryellen,Roxanna,Male,30,105116,70
1352,Celisse,Jillane,Male,26,148581,70
1353,Myrtice,Bergman,Female,43,99906,90
1354,Lynde,Lalitta,Female,40,178746,25
1355,Orsola,Wallis,Female,24,198000,26
1356,Aryn,Magdalen,Male,40,141501,95
1357,Sean,Cookie,Female,39,106045,74
1358,June,Bari,Male,35,155774,27
1359,Jessy,Brodench,Female,22,124719,33
1360,Shel,Chobot,Female,25,170426,62
1361,Valeda,Yorick,Male,41,60369,91
1362,Rayna,Stacy,Male,23,150891,15
1363,Tarra,Mott,Female,37,127475,1
1364,Jorry,Argus,Female,29,100271,84
1365,Barbara,Hirsch,Female,26,163780,83
1366,Kathi,Dalli,Female,28,58490,91
1367,Gabriellia,Loleta,Male,23,117409,29
1368,Yolane,Tarrant,Male,19,158890,14
1369,Alia,Azeria,Male,23,109240,6
1370,Modestia,Laurianne,Female,15,129888,83
1371,Christian,Alwin,Male,41,138346,57
1372,Wilma,Ashok,Female,14,197244,96
1373,Sonni,Gaal,Male,44,60464,74
1374,Isa,Bevin,Male,26,86835,88
1375,Imojean,Loring,Female,9,74207,35
1376,Sindee,Corabella,Male,42,66913,33
1377,Jasmina,Ventre,Female,14,84250,66
1378,Jan,Seagraves,Male,6,51215,71
1379,Steffane,Carey,Male,45,198642,76
1380,Jenda,Oster,Male,23,50184,83
1381,Nannie,Oneida,Male,24,128309,12
1382,Marjie,Evangelia,Male,7,115933,82
1383,Blake,Dorcy,Male,35,186972,42
1384,Philis,Isacco,Male,7,98772,14
1385,Vita,Schwejda,Male,40,151543,80
1386,Fina,Brady,Female,2,124780,95
1387,Angela,Buffum,Female,30,59075,98
1388,Cathyleen,Sadowski,Female,30,152807,19
1389,Rayna,Han,Female,21,78002,86
1390,Tarra,Linehan,Female,37,107245,33
1391,Orsola,Richers,Female,18,163897,84
1392,Reeba,Yusuk,Male,9,194897,95
1393,Lucille,Chick,Female,35,141052,34
1394,Laure,Brenn,Male,38,83297,93
1395,Cathyleen,Hanleigh,Male,17,180569,47
1396,Sashenka,Sholley,Female,27,78953,15
1397,Claudina,Hathaway,Male,45,147300,89
1398,Mariann,Azeria,Female,42,77022,98
1399,Kara-Lynn,Quent,Female,14,112985,55
1400,Jaime,Lay,Female,10,89012,10
1401,Mireielle,Brittani,Male,27,99180,80
1402,Renie,Prouty,Female,9,185854,97
1403,Candy,Dunkin,Male,12,61134,69
1404,Madeleine,Amasa,Female,12,136754,4
1405,Kristina,Parsaye,Female,4,79486,88
1406,Genovera,Matthew,Male,19,105128,23
1407,Konstance,Beebe,Male,26,95931,73
1408,Lynde,Bevin,Female,31,126224,58
1409,Elvira,Teryn,Male,14,127316,41
1410,Talya,Rese,Male,18,87479,10
1411,Modestia,Frendel,Male,31,142436,24
1412,Mallory,Olympium,Male,38,167513,49
1413,Florie,Sheng,Male,24,150877,22
1414,Paulita,Glovsky,Female,7,104751,39
1415,Roxane,Ralfston,Female,19,173106,78
1416,Kathy,Lalitta,Female,16,118805,72
1417,Coral,Llovera,Male,24,118283,38
1418,Flo,Penelopa,Male,20,89820,74
1419,Cissiee,Gamaliel,Female,29,152330,32
1420,Ezmeralda,Evangelia,Male,32,58538,12
1421,Carmela,Sundin,Male,35,127327,39
1422,Henriette,Hull,Female,22,194157,97
1423,Riannon,Gower,Male,14,108013,11
1424,Gusella,Leler,Male,21,176025,16
1425,Suzette,Wilona,Female,7,66401,4
1426,Jean,Forrer,Female,12,120335,47
1427,Meghann,Mendez,Male,13,152027,1
1428,Xylina,Seligman,Male,10,76842,24
1429,Cherilyn,Erb,Female,43,140659,75
1430,Marinna,Guthrie,Male,11,184107,1
1431,Nanete,Alabaster,Female,7,60473,95
1432,Louella,Kress,Male,26,155767,94
1433,Pollyanna,Stanwood,Male,32,91022,33
1434,Corina,Freddi,Female,33,193577,13
1435,Elbertina,Arathorn,Male,3,105198,25
1436,Merrie,Liebermann,Male,11,107408,28
1437,Gwyneth,Clywd,Female,22,193004,58
1438,Averyl,Mott,Male,45,129203,83
1439,Rochette,Brackely,Female,44,104328,29
1440,Ulrike,Zitvaa,Female,35,65791,36
1441,Collen,Wareing,Female,20,86539,11
1442,Susette,Ortrude,Female,32,62035,20
1443,Antonietta,Wittie,Female,40,82760,15
1444,Dennie,Pitt,Female,20,197852,70
1445,Gertrud,Yusuk,Male,40,178783,18
1446,Mahalia,Amethist,Male,18,111065,30
1447,Raina,Palocz,Female,8,90960,67
1448,Kimmy,Newell,Female,28,66348,96
1449,Ardenia,Longfellow,Male,15,117418,97
1450,Reeba,Shirberg,Male,10,72216,41
1451,Ursulina,Neva,Male,27,105383,2
1452,Kirbee,Bakerman,Female,14,84261,10
1453,Stephanie,Odell,Female,13,96784,10
1454,Rosabelle,Teryn,Male,13,191714,78
1455,Eolanda,Tannie,Female,27,116179,37
1456,Justinn,Zeeba,Male,35,97942,41
1457,Patricia,Simmonds,Female,37,70123,92
1458,Latisha,Nore,Female,5,67218,85
1459,Ericka,Lutero,Female,33,199647,58
1460,Fina,Tayib,Male,6,53357,43
1461,Merle,Munn,Male,1,122998,34
1462,Myrtice,Guthrie,Female,19,77106,12
1463,Henriette,Seagraves,Male,42,93384,92
1464,Jennica,Phi,Male,9,181212,86
1465,Anthia,Nicoline,Female,13,123872,30
1466,Aryn,Valerio,Male,4,141352,40
1467,Camile,Wadell,Female,27,166889,55
1468,Catharine,Eldrid,Male,40,167081,71
1469,Frances,Sadowski,Female,4,142122,39
1470,Tierney,Riordan,Female,11,169739,76
1471,Mireielle,Teryn,Female,37,109835,37
1472,Melina,Wandie,Male,20,81711,63
1473,Margette,Craggie,Male,1,145497,87
1474,Glenda,Leopold,Female,5,51944,19
1475,Donnie,Serilda,Female,3,165199,10
1476,Mireielle,Faust,Female,18,125497,55
1477,Joceline,Verger,Male,19,176075,36
1478,Nyssa,Gombach,Male,16,132998,31
1479,Jere,Carolin,Female,35,65600,19
1480,Elka,Natica,Male,39,122483,21
1481,Lynde,Parsaye,Male,22,104180,24
1482,Allis,Tryck,Female,32,151888,45
1483,Cindelyn,Gemini,Male,33,180466,100
1484,Maisey,Breed,Female,28,169050,67
1485,Gaylene,Calhoun,Male,44,118948,37
1486,Cyndie,Malanie,Female,25,186765,93
1487,Marguerite,Wareing,Male,44,72666,21
1488,Daune,Koehler,Male,14,110106,45
1489,Shandie,Wandie,Male,17,86120,4
1490,Pamella,Harday,Male,18,144067,43
1491,Vonny,Dichy,Female,1,116198,39
1492,Korrie,Cath,Male,2,55509,86
1493,Raina,Georas,Female,6,100062,41
1494,Gale,Adrienne,Male,40,163603,8
1495,Mureil,Wenda,Male,10,140570,1
1496,Reeba,Evangelia,Female,25,146923,20
1497,Addia,Nedrud,Female,30,114874,64
1498,Viviene,Ruvolo,Female,20,75276,20
1499,Esmeralda,Dorcy,Male,17,106246,66
1500,Noelle,Olin,Female,11,142763,59
1501,Trudie,Burnside,Male,5,75916,62
1502,Letizia,Gaulin,Female,25,124157,12
1503,Mary,Kenney,Female,33,89566,6
1504,Claudina,Chick,Male,22,107474,98
1505,Kary,Thad,Male,14,127333,90
1506,Gwenneth,Lorenz,Female,41,125304,15
1507,Cassandra,Baudin,Male,28,177781,28
1508,Eugine,Forrer,Male,28,196197,83
1509,Carolina,Yam,Female,27,170299,64
1510,Correy,Emmy,Female,40,182915,27
1511,Mallory,Natica,Male,17,87186,44
1512,Mildrid,Olnee,Male,30,102190,71
1513,Ira,Wilona,Female,23,178031,47
1514,Ermengarde,Amand,Male,38,113208,91
1515,Angelique,Carolin,Female,26,187974,86
1516,Hermione,Roscoe,Male,22,133187,94
1517,Britte,Nickola,Male,18,115454,69
1518,Kirstin,Solitta,Male,27,165212,99
1519,Alia,Vastah,Male,4,68535,90
1520,Vevay,Melleta,Female,37,101811,53
1521,Vere,Cordi,Female,16,192358,52
1522,Valeda,Gladstone,Male,35,117719,32
1523,Sabina,Tjon,Female,10,181129,75
1524,Aigneis,Alejoa,Female,5,193299,65
1525,Angela,Standing,Female,6,123983,7
1526,Gui,Emanuel,Male,15,73543,24
1527,Roz,Arne,Female,4,182627,39
1528,Perry,Lauraine,Male,12,61745,55
1529,Raina,Clara,Female,19,191979,48
1530,Helsa,Yam,Female,11,76915,37
1531,Layla,Junie,Female,31,95601,7
1532,Glynnis,Lail,Female,2,83368,53
1533,Gertrud,Romelda,Male,9,72817,83
1534,Anthia,Francene,Male,16,109392,77
1535,Gratia,Ellord,Male,15,80419,82
1536,Celestyna,Douglass,Male,17,63440,86
1537,Andeee,Fennessy,Male,4,172463,73
1538,Lonnie,Tengdin,Male,18,136536,43
1539,Amalie,Faria,Female,16,162341,62
1540,Anica,Salvidor,Female,14,52710,74
1541,Celene,Cynar,Female,31,117303,57
1542,Cassondra,McCutcheon,Female,39,72142,65
1543,Audrie,Gahl,Female,30,58639,66
1544,Audrie,Ambrosia,Female,1,152214,60
1545,Beatriz,Reinke,Male,30,171213,71
1546,Katuscha,Vins,Male,36,94268,44
1547,Helsa,Shields,Male,39,189217,47
1548,Mariele,Abernon,Male,3,108204,92
1549,Elvira,Moseley,Male,28,120565,7
1550,Ardys,Winnick,Male,44,164841,53
1551,Nessie,Katrine,Male,45,134924,34
1552,Kirstin,Goldina,Male,40,101728,71
1553,Nataline,Naor,Female,41,127218,57
1554,Bobinette,Papageno,Male,18,191248,15
1555,Selia,Kristi,Female,14,63901,11
1556,Sindee,Ahab,Male,33,64102,17
1557,Ira,Elephus,Male,27,100619,100
1558,Marcy,Seligman,Female,26,160175,14
1559,Andeee,Alisia,Male,30,181021,96
1560,Lita,Guthrie,Male,26,85578,33
1561,Tami,Honoria,Male,44,101269,3
1562,Cyb,Drus,Female,19,150421,5
1563,Lynde,McClimans,Male,39,191684,53
1564,Rubie,Johanna,Female,28,108428,84
1565,Maud,Casimir,Male,35,173534,69
1566,Alex,Saint,Female,20,168485,75
1567,Karena,Tengdin,Female,43,186533,85
1568,Aeriela,Trey,Female,10,180779,72
1569,Diena,Rheingold,Female,34,101642,28
1570,Paulita,Primalia,Male,10,178472,17
1571,Vevay,Norrie,Female,42,90779,20
1572,Roslyn,Jarib,Female,31,127430,5
1573,Corry,Lindemann,Male,13,132394,32
1574,Alleen,Hanshaw,Female,4,63445,29
1575,Gertrud,Bartlett,Female,38,131128,50
1576,Ermengarde,Kinnard,Female,43,150008,21
1577,Janenna,Wareing,Female,44,176589,72
1578,Jenilee,Schalles,Female,2,93650,67
1579,Estell,Bryna,Male,6,189673,74
1580,Micheline,Heidt,Female,15,83154,51
1581,Selia,Llovera,Male,22,172727,72
1582,Pierette,Erlandson,Female,7,111329,68
1583,Livvyy,Schonfeld,Female,14,63676,88
1584,Lenna,Stevy,Female,20,141656,34
1585,Gale,Lamoree,Female,44,126138,72
1586,Willetta,Eben,Male,29,184424,68
1587,Kara-Lynn,Infield,Male,36,187571,4
1588,Allis,Euridice,Female,30,127865,72
1589,Berget,Vastah,Male,22,117546,16
1590,Lynea,Chabot,Male,10,115938,36
1591,Sandie,Elo,Male,17,184391,2
1592,Evita,Thar,Female,15,180426,15
1593,Catharine,Iiette,Female,41,111700,43
1594,Norine,Raama,Male,37,137577,47
1595,Almeta,Ursulette,Female,34,73969,48
1596,Alleen,Shuler,Female,9,84505,29
1597,Cassandra,Elo,Female,13,94685,13
1598,Vere,Bahr,Male,17,114523,77
1599,Raina,Olnee,Female,21,100744,13
1600,Vevay,Pond,Male,44,50258,38
1601,Dacia,Leopold,Male,18,192533,94
1602,Dione,Denis,Female,28,111763,27
1603,Shaylyn,Nikaniki,Male,6,176562,71
1604,Jasmina,Ivens,Male,5,145758,53
1605,Consuela,Ruvolo,Male,39,57303,94
1606,Valeda,Tjon,Male,30,104517,58
1607,Yolane,Wesle,Female,30,146811,17
1608,Feliza,Suzetta,Female,7,63619,100
1609,Fanchon,Gower,Male,39,116587,81
1610,Nariko,Kelula,Male,8,173255,30
1611,Celisse,Flyn,Male,15,76291,75
1612,Shaylyn,Lory,Female,23,62917,39
1613,Berta,Alexandr,Male,44,99639,16
1614,Carree,Iaverne,Male,25,112272,88
1615,Augustine,Aida,Female,22,112092,9
1616,Corene,Aldric,Female,45,87458,51
1617,Yvonne,Bibi,Male,16,58252,57
1618,Lolita,Lory,Male,12,176705,2
1619,Meg,Demitria,Male,5,115678,3
1620,Olwen,Elisha,Male,18,174124,54
1621,Ann-Marie,Emerson,Female,30,129653,36
1622,Sue,Tremayne,Male,20,113310,42
1623,Jan,Jary,Male,14,195044,65
1624,Jere,Seligman,Female,41,181704,70
1625,Ann-Marie,Ade,Female,20,98885,65
1626,Marguerite,Goldina,Male,41,145124,27
1627,Sue,Corrine,Female,14,143167,26
1628,Courtnay,Celestine,Male,45,130902,58
1629,Annabela,Garbe,Female,35,133754,40
1630,Rozele,Heidt,Male,38,60042,34
1631,Cathyleen,Norrie,Female,44,53949,26
1632,Netty,Zaslow,Male,21,173672,93
1633,Ariela,Idelia,Female,33,57411,2
1634,Zsa Zsa,Vernier,Female,21,61808,69
1635,Frank,Shama,Female,42,92973,93
1636,Cyndie,Rillings,Female,13,97855,39
1637,Christy,Cimbura,Male,35,56443,82
1638,Dulcinea,Revkah,Male,8,101338,43
1639,Stevana,Stefa,Female,24,199927,50
1640,Aimil,LaRue,Male,2,125557,91
1641,Chandra,Callista,Female,33,77357,6
1642,Shandie,Atonsah,Female,14,64718,95
1643,Ekaterina,Barney,Female,8,91684,11
1644,Bertine,Gillan,Female,28,53581,65
1645,Donnie,Nelsen,Male,6,163654,33
1646,Annaliese,Kiersten,Male,26,153825,6
1647,Ketti,Francyne,Male,5,114180,62
1648,Alexine,Dorcy,Female,26,180846,61
1649,Sonni,Stanwood,Female,15,58525,71
1650,Kassey,Thema,Female,41,131975,26
1651,Rosene,McLaughlin,Male,23,145623,19
1652,Yetty,Delacourt,Female,2,141528,41
1653,Hayley,Meli,Male,22,111680,14
1654,Florencia,Atcliffe,Male,34,172355,64
1655,Zsa Zsa,Agle,Male,33,193726,68
1656,Sandie,Slifka,Male,12,140381,76
1657,Karina,Baptlsta,Male,20,171669,66
1658,Emilia,Hertzfeld,Male,29,141834,5
1659,Cyb,Zuzana,Female,28,54582,38
1660,Madalyn,Vilma,Male,9,150309,37
1661,Caryl,Kravits,Female,1,103268,59
1662,Shauna,Vacuva,Female,26,84926,37
1663,Trudie,Radu,Male,40,192356,83
1664,Luci,Hunfredo,Male,6,149423,27
1665,Cassandra,Adrienne,Male,13,75029,8
1666,Lizzie,Kiyoshi,Female,27,62432,32
1667,Viki,Evvie,Female,11,95403,15
1668,Leanna,Noelyn,Female,29,180216,6
1669,Angelique,Slifka,Male,2,65059,31
1670,Joy,Graig,Female,35,183048,92
1671,Lulita,Linskey,Male,25,182510,55
1672,Deirdre,Cadmar,Female,42,60369,80
1673,Orelia,Sadowski,Male,13,89986,11
1674,Sallie,Lay,Female,4,106834,85
1675,Christian,Wind,Male,23,193078,20
1676,Mahalia,Camden,Male,8,158137,36
1677,Elise,Henebry,Female,3,75290,44
1678,Gale,Janene,Female,37,178573,95
1679,Teddie,Mintz,Female,35,64586,49
1680,Konstance,Mullane,Female,30,163101,44
1681,Sabina,Carey,Male,2,158845,65
1682,Fred,Hurley,Female,25,51747,55
1683,Mady,Moseley,Male,37,80058,63
1684,Penelopa,Aurelio,Male,2,69143,95
1685,Minda,Ludewig,Male,16,63940,98
1686,Daryl,Susannah,Female,40,61050,15
1687,Ingrid,Cordi,Female,41,79950,58
1688,Candi,Gaulin,Female,40,59739,29
1689,Joleen,Meli,Male,14,110507,99
1690,Jasmina,Pulsifer,Male,45,86982,21
1691,Concettina,Stephie,Male,11,114200,45
1692,Addia,Prouty,Female,3,123666,49
1693,Kary,Lamoree,Male,24,82931,20
1694,Cyb,Papageno,Male,29,54871,24
1695,Pierette,Leonard,Female,16,171334,74
1696,Nataline,Brittani,Male,41,166907,79
1697,Kathy,Wiener,Female,34,123828,38
1698,Karlee,Pierette,Male,11,75733,49
1699,Maisey,Sothena,Male,19,70026,78
1700,Wanda,Pond,Male,34,87342,24
1701,Micheline,Madelene,Female,34,166677,12
1702,Kaja,Korey,Female,19,117723,25
1703,Priscilla,Gamaliel,Male,28,155209,73
1704,Elie,Ietta,Female,19,163489,77
1705,Charmaine,Zeeba,Male,36,54057,54
1706,Ada,Palocz,Female,23,170993,64
1707,Chere,Francyne,Female,40,96779,33
1708,Yolane,Egbert,Female,22,186902,19
1709,Elyssa,Modie,Male,33,89575,77
1710,Loree,Lay,Male,15,89255,88
1711,Judy,Gerge,Male,20,81299,50
1712,Jerry,Tillford,Male,12,78044,93
1713,Dacia,Herrera,Female,15,126026,60
1714,Cherrita,Heisel,Male,36,52848,88
1715,Sean,Lenny,Male,31,178041,22
1716,Kristina,Nea,Female,35,158235,33
1717,Barbara,Breed,Male,7,53682,40
1718,Donnie,Heidt,Male,44,76940,4
1719,Sherrie,Xerxes,Female,32,129503,99
1720,Roslyn,Seagraves,Female,19,160608,95
1721,Blondelle,Bakerman,Female,29,153493,100
1722,Hollie,Morgun,Male,24,66993,15
1723,Cacilie,Colbert,Female,44,70223,78
1724,Kylynn,Ferrell,Male,24,144444,52
1725,Nessie,Joli,Male,34,102670,30
1726,Correy,Graig,Male,14,51426,90
1727,Gilligan,Fitzsimmons,Female,29,62429,40
1728,Gusella,Amand,Male,20,78833,4
1729,Emylee,Marsden,Female,6,140040,55
1730,Gusty,Denis,Female,3,183264,59
1731,Letizia,Ellord,Male,37,117744,18
1732,Annabela,Erskine,Female,38,102186,95
1733,Bernardine,Lissi,Female,25,151229,57
1734,Damaris,Modie,Female,43,129457,48
1735,Dede,Talia,Female,9,130406,44
1736,Clarice,Goode,Female,34,166116,57
1737,Karina,Dulciana,Female,4,142880,46
1738,Roberta,Forrer,Male,42,144193,60
1739,Leona,Aida,Male,11,170605,93
1740,Donetta,Bord,Female,34,167101,94
1741,Therine,Izaak,Female,42,167295,76
1742,Lelah,Reinke,Female,20,165266,3
1743,Olwen,Blisse,Female,14,154117,33
1744,Kerrin,Eben,Male,5,61437,86
1745,Zia,Mayeda,Female,7,123813,61
1746,Di,Kosey,Male,23,128620,32
1747,Tera,Sherrie,Male,5,53899,60
1748,Aeriela,Letsou,Female,12,54332,38
1749,Roseline,Carri,Male,3,108100,24
1750,Edee,Ursulette,Male,14,95163,18
1751,Jean,Tannie,Male,24,140137,97
1752,Sissy,Adamsen,Male,2,66611,44
1753,Estell,Tjon,Male,39,192435,15
1754,Belinda,Kelula,Male,31,71059,36
1755,Dede,Whittaker,Male,15,123891,76
1756,Jolyn,Revkah,Female,5,189878,87
1757,Tersina,Calhoun,Female,36,129197,30
1758,Shaine,Faust,Male,19,83169,56
1759,Suzette,Melony,Female,20,148469,40
1760,Leontine,McGrody,Male,22,169129,28
1761,Deedee,Erminia,Female,25,144678,94
1762,Debee,Liebermann,Female,34,91403,89
1763,Tori,Land,Male,2,73846,5
1764,Mamie,Blase,Female,37,112930,15
1765,Gwyneth,Thema,Male,36,147375,39
1766,Kaja,Jacqui,Female,14,138701,72
1767,Janis,Geffner,Male,20,136610,33
1768,Fredericka,Kaete,Female,37,165823,9
1769,Hermione,Ivens,Female,12,120129,57
1770,Lolita,Merell,Female,22,55689,69
1771,Merle,Beebe,Male,33,135836,47
1772,Bertine,Franza,Female,19,197559,43
1773,Ardenia,Eachern,Female,9,166442,55
1774,Rivalee,Elisha,Female,44,118646,41
1775,Tera,Chem,Female,23,56211,45
1776,Daphne,Sidonius,Female,24,133110,48
1777,Hallie,Old,Female,24,159130,60
1778,Lila,Bendick,Female,14,170640,34
1779,Lorne,Pierette,Female,15,56082,57
1780,Jan,Terrence,Female,45,81359,32
1781,Molli,Kress,Female,9,92827,72
1782,Maryellen,Warthman,Male,14,154105,49
1783,Annora,Eldrid,Female,45,52175,10
1784,Nickie,Garbe,Female,9,59023,63
1785,Phylis,Toffic,Male,4,122300,58
1786,Kathi,Peonir,Female,26,146698,41
1787,Fredericka,Slifka,Male,4,191550,60
1788,Paule,Eugenia,Male,21,164910,10
1789,Aaren,Raffo,Male,8,84395,33
1790,Elora,Karylin,Female,45,156463,72
1791,Belva,Georgy,Female,22,187335,60
1792,Janenna,Jacinda,Female,44,60066,4
1793,Ronna,Woodberry,Male,34,104768,86
1794,Siana,Ball,Female,45,127724,59
1795,Valeda,Greyson,Female,8,166243,49
1796,Emma,Maxi,Male,21,89711,31
1797,Briney,Sadowski,Female,13,145825,51
1798,Donetta,Stover,Male,29,112346,58
1799,Minne,Douglass,Female,31,86608,78
1800,Marsiella,Skell,Female,13,81803,97
1801,Molli,Gombach,Female,30,121387,30
1802,Kirbee,Gamaliel,Male,9,140232,44
1803,Dorthy,Lissi,Female,26,90135,63
1804,Stevana,Warthman,Male,24,55940,33
1805,Phedra,Pettiford,Female,29,134362,99
1806,Janenna,Cadmar,Female,29,81450,59
1807,Caritta,Rebecka,Male,8,189253,2
1808,Anestassia,Jeanne,Male,19,170697,87
1809,Rani,Sacken,Female,39,150448,51
1810,Claresta,Zrike,Male,35,130153,6
1811,Shell,Tarrant,Female,34,172457,66
1812,Micheline,Imelida,Male,37,155689,65
1813,Sibella,Joseph,Female,20,159870,22
1814,Sean,Germann,Male,27,170639,53
1815,Aubrie,Oneida,Female,23,84593,88
1816,Kristan,Forrer,Female,45,53314,32
1817,Brianna,Dyche,Female,19,96083,38
1818,Jsandye,Behre,Female,8,115640,7
1819,Yetty,Waite,Female,10,172549,58
1820,Dacia,Kylander,Male,21,143695,54
1821,Brianna,Koziara,Female,21,109280,51
1822,Pollyanna,Afton,Female,9,62792,93
1823,Nonnah,Valoniah,Female,24,111472,79
1824,Aigneis,Hedve,Male,19,70953,58
1825,Fredericka,Marden,Female,21,107437,29
1826,Lolita,Rosemary,Male,39,109466,38
1827,Danny,Stoller,Female,20,136061,12
1828,Marcy,Olnee,Female,10,122551,26
1829,Concettina,Serilda,Female,36,199228,67
1830,Sibella,Dunkin,Male,1,118774,29
1831,Tamqrah,Dermott,Female,41,50049,7
1832,Evita,Diann,Female,25,199047,69
1833,Merle,Gabrielli,Female,16,120740,65
1834,Lonnie,Kat,Male,22,108551,97
1835,Neila,Nikaniki,Male,3,78852,2
1836,Daphne,Wind,Male,9,92297,8
1837,Trixi,Alejoa,Female,28,99724,5
1838,Winny,Hortensia,Female,42,173168,34
1839,Elbertina,Rosalba,Male,22,187350,66
1840,Bobbi,Jalbert,Female,2,175764,76
1841,Phylis,Cherianne,Male,21,91837,60
1842,Minne,Isacco,Male,15,87983,98
1843,Dode,Mehalek,Female,23,52302,62
1844,Inga,Alexandr,Female,2,186839,94
1845,Corry,Dahlia,Male,21,89899,53
1846,Cyb,Stevy,Male,29,186669,27
1847,Marcelline,Horan,Male,13,169837,14
1848,Tina,Woodberry,Female,10,56086,69
1849,Eugine,Niccolo,Female,22,150091,81
1850,Kimberley,Cleavland,Male,21,97914,41
1851,Anallese,Lutero,Male,11,167510,80
1852,Aurelie,Iaverne,Male,33,150524,76
1853,Allyce,Mehalek,Male,32,80321,10
1854,Tamqrah,Thomasina,Male,36,120197,13
1855,Courtnay,Therine,Male,14,52706,85
1856,Stephanie,Kannry,Female,22,118350,82
1857,Aeriela,Marden,Female,6,177008,70
1858,Carilyn,Millda,Female,40,57944,45
1859,Rani,Isacco,Female,28,138640,40
1860,Atlanta,Letsou,Male,42,118924,64
1861,Ezmeralda,Elo,Female,44,75004,4
1862,Sabina,Amethist,Male,31,124805,78
1863,Kelly,Fiann,Female,8,99001,15
1864,Ninnetta,Kendrick,Female,26,183471,9
1865,Lenna,Diann,Male,16,144988,35
1866,Marinna,Cimbura,Female,29,156577,35
1867,Cecile,Cutlerr,Female,45,106267,91
1868,Ethel,Kare,Male,23,150140,92
1869,Dorene,Demitria,Female,11,140226,10
1870,Phedra,Harned,Male,35,170007,5
1871,Edee,Etom,Female,16,88647,77
1872,Myriam,Sparhawk,Female,37,177300,27
1873,Elsie,Read,Male,18,198644,74
1874,Wendi,Lea,Female,9,56456,59
1875,Hollie,Cristi,Male,15,185561,62
1876,Roxane,Erminia,Female,15,86582,71
1877,Betta,Shields,Male,29,90608,56
1878,Raina,Payson,Male,36,161998,25
1879,Letizia,Hortensia,Male,5,50442,83
1880,Ermengarde,Brieta,Male,43,190130,28
1881,Nikki,Carlson,Male,36,124172,83
1882,Tybie,Rosemary,Female,15,198616,63
1883,Jordan,Hathaway,Female,15,50671,42
1884,Lyssa,Alfons,Female,19,155133,77
1885,Elka,Evangelia,Female,25,166565,44
1886,Alameda,Alrich,Female,24,75446,28
1887,Bernardine,Dowski,Female,13,197056,52
1888,Berget,Judye,Male,15,65332,94
1889,Catrina,Reneta,Female,18,199109,9
1890,Selia,Roche,Male,17,85593,97
1891,Jobi,Durware,Female,11,62227,48
1892,Sadie,Margret,Female,12,70515,20
1893,Mureil,Morehouse,Male,5,127248,53
1894,Helena,Diogenes,Female,17,91503,67
1895,Lenna,Alva,Male,44,199192,93
1896,Dode,Harday,Female,35,141833,94
1897,Lauryn,Bendick,Female,18,96892,66
1898,Cassondra,Fiester,Female,17,179095,27
1899,Kittie,Hilbert,Female,8,144315,47
1900,Monika,Leopold,Male,41,152280,95
1901,Tressa,Dominy,Female,39,151684,13
1902,Rosanne,Kiersten,Female,10,87811,45
1903,Arlena,Gibbeon,Male,45,114876,33
1904,Zondra,Weinreb,Male,43,118949,63
1905,Tracey,Odysseus,Female,11,53266,56
1906,Marinna,Gualtiero,Female,30,133392,22
1907,Beverley,Aloise,Male,4,57642,63
1908,Mireielle,Cressida,Male,21,147974,1
1909,Kristina,Raffo,Female,28,85104,81
1910,Ardys,Laverne,Female,18,50057,67
1911,Frances,Levey,Female,25,106024,74
1912,Ernesta,Quent,Male,1,163342,26
1913,Marita,Donell,Male,40,142270,18
1914,Darci,Carleen,Male,16,134893,25
1915,Lindie,Yerkovich,Male,2,195439,34
1916,Flory,Skurnik,Female,26,133871,47
1917,Kimmy,Emmaline,Male,37,109694,94
1918,Tiffie,Ardeha,Female,33,171439,11
1919,Jessy,Garlinda,Male,9,145435,88
1920,Carolina,Ludewig,Female,14,177717,44
1921,Roseline,Eugenia,Male,43,132167,67
1922,Hannis,Diann,Female,27,162230,12
1923,Elsie,Buckler,Male,30,154846,27
1924,Gilligan,Goldina,Female,24,111015,45
1925,Stephanie,Jillane,Female,36,82913,21
1926,Cassondra,Hubert,Male,2,98663,52
1927,Kalina,Jarib,Female,43,146499,96
1928,Kial,Rustice,Female,44,193964,1
1929,Alameda,Cohdwell,Male,8,146376,6
1930,Jolyn,Kylander,Female,12,192752,54
1931,Nicoli,Giff,Male,18,52253,5
1932,Jere,Fadiman,Male,7,145498,59
1933,Sallie,Clara,Male,8,117941,83
1934,Dominga,Corabella,Female,4,168521,96
1935,Ofilia,Dimitris,Female,24,180063,67
1936,Elyssa,Maribeth,Male,44,194975,22
1937,Kirbee,Nikaniki,Female,45,81485,54
1938,Tabbatha,Lamoree,Female,24,159144,27
1939,Natka,Georgy,Male,9,66020,58
1940,Jasmina,Fax,Female,27,57361,23
1941,Elmira,Georgy,Male,17,119457,60
1942,Lesly,Lutero,Female,13,144398,79
1943,Cathyleen,Tippets,Female,11,127784,7
1944,Jaclyn,Ortrude,Female,36,76016,89
1945,Carol-Jean,Stuart,Female,24,186684,100
1946,Di,Kosey,Male,20,198278,72
1947,Joeann,Freddi,Female,40,189411,76
1948,Laure,Ethban,Male,35,53424,17
1949,Blondelle,Macey,Female,35,73906,98
1950,Libbie,Lindemann,Female,23,54249,40
1951,Sabina,Millda,Male,31,127036,47
1952,Marline,Alwin,Male,25,182542,51
1953,Myrtice,Chinua,Female,5,183701,30
1954,Vevay,Eldrid,Female,14,145026,49
1955,Brooks,Ortrude,Male,5,82908,47
1956,Elie,Creamer,Male,33,170433,65
1957,Justinn,Ashely,Female,45,142211,32
1958,Madelle,Saint,Female,8,131964,58
1959,Heida,Phyllis,Female,41,87279,35
1960,Loree,Genna,Male,3,144442,27
1961,Netty,Sancho,Female,38,162323,98
1962,Georgina,Meter,Male,9,100029,54
1963,Jany,Douglass,Male,8,170466,90
1964,Tybie,Ophelia,Male,35,146451,18
1965,Lily,Docilla,Female,41,193306,5
1966,Jordan,Gwenore,Female,10,137222,72
1967,Miquela,Bultman,Female,24,73244,28
1968,Rani,Gemini,Male,8,58193,96
1969,Estell,Doig,Male,13,146613,57
1970,Kaia,Middleton,Female,13,123476,64
1971,Allyce,Loeb,Female,37,166873,41
1972,Linet,Denis,Female,45,73112,60
1973,Louella,Saint,Female,29,166736,27
1974,Ana,Moina,Male,15,166404,46
1975,Ofilia,Gusella,Female,6,132119,37
1976,Olivette,Shirberg,Male,36,191902,96
1977,Marylou,Delp,Male,3,188439,54
1978,Joelly,Elbertina,Female,44,122932,52
1979,Almeta,Giff,Female,21,69664,78
1980,Daryl,Clara,Male,43,159688,98
1981,Paule,Bobbee,Female,14,184018,60
1982,Maisey,Wesle,Female,31,132028,6
1983,Joane,Henrie,Male,27,186997,58
1984,Nataline,Karna,Female,37,179833,59
1985,Giustina,Merna,Female,5,112112,65
1986,Fina,Love,Female,35,115461,29
1987,Trudie,Florina,Female,17,111504,52
1988,Lila,Cath,Female,40,143474,93
1989,Briney,Rudolph,Male,45,192546,71
1990,Livvyy,Edmund,Female,18,76664,83
1991,Ivett,Ummersen,Female,5,60674,15
1992,Amelia,Lumbard,Male,12,61615,5
1993,Caritta,Rese,Female,8,95604,49
1994,Nicoli,Payson,Male,5,64168,85
1995,Dione,Pyle,Male,36,60002,54
1996,Ingrid,Plato,Female,20,146178,10
1997,Collen,Breed,Female,17,119145,94
1998,Fred,Bergman,Male,11,59923,41
1999,Marguerite,Bibi,Female,10,175994,25
2000,Olivette,Blake,Female,11,188435,19